<?xml version="1.0" encoding="UTF-8"?>
<gpx xmlns="http://www.topografix.com/GPX/1/1" version="1.1" creator="Split from the Hume and Hovell Full Track Alignment GPX (NSW Crown Lands)">
<metadata><name>Hume and Hovell Track, Section 3 - Blowering Campsite to Henry Angel Trackhead</name></metadata>
<trk><name>Section 3 - Blowering Campsite to Henry Angel Trackhead</name><trkseg>
<trkpt lat="-35.40197" lon="148.23968"><ele>391</ele></trkpt>
<trkpt lat="-35.40206" lon="148.23938"><ele>391</ele></trkpt>
<trkpt lat="-35.40226" lon="148.2391"><ele>388</ele></trkpt>
<trkpt lat="-35.40261" lon="148.23834"><ele>400</ele></trkpt>
<trkpt lat="-35.40295" lon="148.23819"><ele>403</ele></trkpt>
<trkpt lat="-35.40329" lon="148.2384"><ele>398</ele></trkpt>
<trkpt lat="-35.40351" lon="148.2386"><ele>389</ele></trkpt>
<trkpt lat="-35.40379" lon="148.23865"><ele>387</ele></trkpt>
<trkpt lat="-35.4043" lon="148.23858"><ele>388</ele></trkpt>
<trkpt lat="-35.40474" lon="148.23839"><ele>386</ele></trkpt>
<trkpt lat="-35.4052" lon="148.23744"><ele>399</ele></trkpt>
<trkpt lat="-35.40546" lon="148.23729"><ele>396</ele></trkpt>
<trkpt lat="-35.40576" lon="148.23728"><ele>390</ele></trkpt>
<trkpt lat="-35.40609" lon="148.23707"><ele>391</ele></trkpt>
<trkpt lat="-35.40639" lon="148.23699"><ele>388</ele></trkpt>
<trkpt lat="-35.40667" lon="148.23678"><ele>390</ele></trkpt>
<trkpt lat="-35.40686" lon="148.2363"><ele>402</ele></trkpt>
<trkpt lat="-35.40711" lon="148.23617"><ele>404</ele></trkpt>
<trkpt lat="-35.40741" lon="148.23618"><ele>400</ele></trkpt>
<trkpt lat="-35.40783" lon="148.23641"><ele>385</ele></trkpt>
<trkpt lat="-35.4082" lon="148.23634"><ele>385</ele></trkpt>
<trkpt lat="-35.40861" lon="148.23591"><ele>403</ele></trkpt>
<trkpt lat="-35.40875" lon="148.23587"><ele>406</ele></trkpt>
<trkpt lat="-35.40896" lon="148.23606"><ele>400</ele></trkpt>
<trkpt lat="-35.40923" lon="148.23649"><ele>388</ele></trkpt>
<trkpt lat="-35.40951" lon="148.23673"><ele>383</ele></trkpt>
<trkpt lat="-35.41037" lon="148.23647"><ele>396</ele></trkpt>
<trkpt lat="-35.41071" lon="148.23662"><ele>389</ele></trkpt>
<trkpt lat="-35.41113" lon="148.23638"><ele>403</ele></trkpt>
<trkpt lat="-35.41143" lon="148.23653"><ele>402</ele></trkpt>
<trkpt lat="-35.41197" lon="148.23719"><ele>389</ele></trkpt>
<trkpt lat="-35.41279" lon="148.23708"><ele>406</ele></trkpt>
<trkpt lat="-35.41283" lon="148.2375"><ele>396</ele></trkpt>
<trkpt lat="-35.41294" lon="148.23769"><ele>396</ele></trkpt>
<trkpt lat="-35.41294" lon="148.23813"><ele>388</ele></trkpt>
<trkpt lat="-35.41321" lon="148.23853"><ele>388</ele></trkpt>
<trkpt lat="-35.4136" lon="148.23864"><ele>388</ele></trkpt>
<trkpt lat="-35.41392" lon="148.23838"><ele>394</ele></trkpt>
<trkpt lat="-35.41424" lon="148.23841"><ele>392</ele></trkpt>
<trkpt lat="-35.41434" lon="148.23837"><ele>391</ele></trkpt>
<trkpt lat="-35.41463" lon="148.23818"><ele>392</ele></trkpt>
<trkpt lat="-35.41535" lon="148.23753"><ele>401</ele></trkpt>
<trkpt lat="-35.41552" lon="148.23742"><ele>401</ele></trkpt>
<trkpt lat="-35.41586" lon="148.23733"><ele>398</ele></trkpt>
<trkpt lat="-35.41626" lon="148.23737"><ele>396</ele></trkpt>
<trkpt lat="-35.41702" lon="148.23784"><ele>384</ele></trkpt>
<trkpt lat="-35.4174" lon="148.23791"><ele>385</ele></trkpt>
<trkpt lat="-35.41766" lon="148.23778"><ele>386</ele></trkpt>
<trkpt lat="-35.41824" lon="148.23706"><ele>391</ele></trkpt>
<trkpt lat="-35.41918" lon="148.23557"><ele>407</ele></trkpt>
<trkpt lat="-35.4194" lon="148.23536"><ele>412</ele></trkpt>
<trkpt lat="-35.41959" lon="148.23529"><ele>413</ele></trkpt>
<trkpt lat="-35.41994" lon="148.23533"><ele>409</ele></trkpt>
<trkpt lat="-35.42012" lon="148.23553"><ele>411</ele></trkpt>
<trkpt lat="-35.42057" lon="148.23669"><ele>400</ele></trkpt>
<trkpt lat="-35.42086" lon="148.23711"><ele>397</ele></trkpt>
<trkpt lat="-35.42109" lon="148.23725"><ele>395</ele></trkpt>
<trkpt lat="-35.42193" lon="148.2375"><ele>396</ele></trkpt>
<trkpt lat="-35.42221" lon="148.2377"><ele>397</ele></trkpt>
<trkpt lat="-35.42224" lon="148.23809"><ele>396</ele></trkpt>
<trkpt lat="-35.4222" lon="148.23836"><ele>395</ele></trkpt>
<trkpt lat="-35.42173" lon="148.23923"><ele>406</ele></trkpt>
<trkpt lat="-35.42129" lon="148.24126"><ele>403</ele></trkpt>
<trkpt lat="-35.4217" lon="148.2414"><ele>413</ele></trkpt>
<trkpt lat="-35.42179" lon="148.24184"><ele>411</ele></trkpt>
<trkpt lat="-35.4217" lon="148.24218"><ele>409</ele></trkpt>
<trkpt lat="-35.42137" lon="148.24273"><ele>397</ele></trkpt>
<trkpt lat="-35.42081" lon="148.24317"><ele>387</ele></trkpt>
<trkpt lat="-35.42054" lon="148.24355"><ele>377</ele></trkpt>
<trkpt lat="-35.42078" lon="148.244"><ele>378</ele></trkpt>
<trkpt lat="-35.421" lon="148.24421"><ele>375</ele></trkpt>
<trkpt lat="-35.42136" lon="148.24414"><ele>376</ele></trkpt>
<trkpt lat="-35.42169" lon="148.24395"><ele>381</ele></trkpt>
<trkpt lat="-35.42233" lon="148.24383"><ele>380</ele></trkpt>
<trkpt lat="-35.42271" lon="148.24337"><ele>394</ele></trkpt>
<trkpt lat="-35.42298" lon="148.24325"><ele>402</ele></trkpt>
<trkpt lat="-35.42313" lon="148.2434"><ele>400</ele></trkpt>
<trkpt lat="-35.42339" lon="148.24406"><ele>387</ele></trkpt>
<trkpt lat="-35.424" lon="148.24415"><ele>392</ele></trkpt>
<trkpt lat="-35.42459" lon="148.24403"><ele>400</ele></trkpt>
<trkpt lat="-35.42541" lon="148.24413"><ele>395</ele></trkpt>
<trkpt lat="-35.42602" lon="148.24444"><ele>385</ele></trkpt>
<trkpt lat="-35.42662" lon="148.24409"><ele>387</ele></trkpt>
<trkpt lat="-35.42783" lon="148.24373"><ele>400</ele></trkpt>
<trkpt lat="-35.42923" lon="148.24356"><ele>418</ele></trkpt>
<trkpt lat="-35.42958" lon="148.24341"><ele>416</ele></trkpt>
<trkpt lat="-35.43055" lon="148.24335"><ele>404</ele></trkpt>
<trkpt lat="-35.43107" lon="148.24299"><ele>404</ele></trkpt>
<trkpt lat="-35.43138" lon="148.24287"><ele>402</ele></trkpt>
<trkpt lat="-35.43153" lon="148.24265"><ele>403</ele></trkpt>
<trkpt lat="-35.43182" lon="148.24258"><ele>400</ele></trkpt>
<trkpt lat="-35.43274" lon="148.24222"><ele>398</ele></trkpt>
<trkpt lat="-35.43292" lon="148.24218"><ele>400</ele></trkpt>
<trkpt lat="-35.43317" lon="148.24224"><ele>402</ele></trkpt>
<trkpt lat="-35.43361" lon="148.24249"><ele>401</ele></trkpt>
<trkpt lat="-35.43401" lon="148.24265"><ele>403</ele></trkpt>
<trkpt lat="-35.43449" lon="148.24275"><ele>405</ele></trkpt>
<trkpt lat="-35.43465" lon="148.2429"><ele>404</ele></trkpt>
<trkpt lat="-35.43473" lon="148.24307"><ele>402</ele></trkpt>
<trkpt lat="-35.43479" lon="148.24362"><ele>405</ele></trkpt>
<trkpt lat="-35.4346" lon="148.24399"><ele>409</ele></trkpt>
<trkpt lat="-35.43438" lon="148.24426"><ele>408</ele></trkpt>
<trkpt lat="-35.43422" lon="148.24461"><ele>410</ele></trkpt>
<trkpt lat="-35.43361" lon="148.2453"><ele>397</ele></trkpt>
<trkpt lat="-35.4335" lon="148.2457"><ele>395</ele></trkpt>
<trkpt lat="-35.4338" lon="148.24607"><ele>401</ele></trkpt>
<trkpt lat="-35.43424" lon="148.2463"><ele>407</ele></trkpt>
<trkpt lat="-35.43477" lon="148.24643"><ele>416</ele></trkpt>
<trkpt lat="-35.43503" lon="148.24714"><ele>409</ele></trkpt>
<trkpt lat="-35.43554" lon="148.24735"><ele>422</ele></trkpt>
<trkpt lat="-35.43563" lon="148.24753"><ele>423</ele></trkpt>
<trkpt lat="-35.43557" lon="148.24809"><ele>422</ele></trkpt>
<trkpt lat="-35.43579" lon="148.24878"><ele>426</ele></trkpt>
<trkpt lat="-35.43597" lon="148.24902"><ele>428</ele></trkpt>
<trkpt lat="-35.4363" lon="148.24924"><ele>431</ele></trkpt>
<trkpt lat="-35.43655" lon="148.24949"><ele>430</ele></trkpt>
<trkpt lat="-35.43695" lon="148.24937"><ele>437</ele></trkpt>
<trkpt lat="-35.43722" lon="148.24944"><ele>437</ele></trkpt>
<trkpt lat="-35.43754" lon="148.24941"><ele>440</ele></trkpt>
<trkpt lat="-35.43858" lon="148.24946"><ele>439</ele></trkpt>
<trkpt lat="-35.43891" lon="148.24966"><ele>433</ele></trkpt>
<trkpt lat="-35.43912" lon="148.25002"><ele>426</ele></trkpt>
<trkpt lat="-35.43933" lon="148.25024"><ele>421</ele></trkpt>
<trkpt lat="-35.43964" lon="148.25029"><ele>419</ele></trkpt>
<trkpt lat="-35.44049" lon="148.24989"><ele>419</ele></trkpt>
<trkpt lat="-35.44094" lon="148.2496"><ele>414</ele></trkpt>
<trkpt lat="-35.44118" lon="148.24934"><ele>409</ele></trkpt>
<trkpt lat="-35.44134" lon="148.24887"><ele>400</ele></trkpt>
<trkpt lat="-35.4414" lon="148.24849"><ele>392</ele></trkpt>
<trkpt lat="-35.4417" lon="148.24738"><ele>384</ele></trkpt>
<trkpt lat="-35.44233" lon="148.2471"><ele>383</ele></trkpt>
<trkpt lat="-35.4429" lon="148.24665"><ele>381</ele></trkpt>
<trkpt lat="-35.44334" lon="148.24587"><ele>387</ele></trkpt>
<trkpt lat="-35.44347" lon="148.24545"><ele>389</ele></trkpt>
<trkpt lat="-35.44384" lon="148.24508"><ele>383</ele></trkpt>
<trkpt lat="-35.44404" lon="148.24451"><ele>387</ele></trkpt>
<trkpt lat="-35.44423" lon="148.24432"><ele>385</ele></trkpt>
<trkpt lat="-35.44427" lon="148.24415"><ele>388</ele></trkpt>
<trkpt lat="-35.44443" lon="148.24402"><ele>387</ele></trkpt>
<trkpt lat="-35.44458" lon="148.24371"><ele>390</ele></trkpt>
<trkpt lat="-35.44475" lon="148.24363"><ele>388</ele></trkpt>
<trkpt lat="-35.44493" lon="148.24374"><ele>383</ele></trkpt>
<trkpt lat="-35.44499" lon="148.24364"><ele>383</ele></trkpt>
<trkpt lat="-35.44514" lon="148.24302"><ele>392</ele></trkpt>
<trkpt lat="-35.4453" lon="148.24274"><ele>395</ele></trkpt>
<trkpt lat="-35.44582" lon="148.24254"><ele>393</ele></trkpt>
<trkpt lat="-35.44608" lon="148.24233"><ele>394</ele></trkpt>
<trkpt lat="-35.44632" lon="148.24226"><ele>392</ele></trkpt>
<trkpt lat="-35.44667" lon="148.24203"><ele>389</ele></trkpt>
<trkpt lat="-35.44713" lon="148.24161"><ele>390</ele></trkpt>
<trkpt lat="-35.44735" lon="148.24128"><ele>397</ele></trkpt>
<trkpt lat="-35.44785" lon="148.24094"><ele>403</ele></trkpt>
<trkpt lat="-35.44835" lon="148.24074"><ele>404</ele></trkpt>
<trkpt lat="-35.44947" lon="148.24008"><ele>413</ele></trkpt>
<trkpt lat="-35.44983" lon="148.23993"><ele>415</ele></trkpt>
<trkpt lat="-35.45011" lon="148.23988"><ele>418</ele></trkpt>
<trkpt lat="-35.45052" lon="148.24001"><ele>421</ele></trkpt>
<trkpt lat="-35.45084" lon="148.24027"><ele>421</ele></trkpt>
<trkpt lat="-35.45137" lon="148.24101"><ele>413</ele></trkpt>
<trkpt lat="-35.45141" lon="148.24124"><ele>413</ele></trkpt>
<trkpt lat="-35.45136" lon="148.24131"><ele>412</ele></trkpt>
<trkpt lat="-35.45114" lon="148.24137"><ele>409</ele></trkpt>
<trkpt lat="-35.45089" lon="148.24134"><ele>406</ele></trkpt>
<trkpt lat="-35.45042" lon="148.2408"><ele>402</ele></trkpt>
<trkpt lat="-35.45013" lon="148.24075"><ele>399</ele></trkpt>
<trkpt lat="-35.44969" lon="148.2412"><ele>401</ele></trkpt>
<trkpt lat="-35.44887" lon="148.24151"><ele>396</ele></trkpt>
<trkpt lat="-35.44886" lon="148.24181"><ele>397</ele></trkpt>
<trkpt lat="-35.44862" lon="148.24236"><ele>395</ele></trkpt>
<trkpt lat="-35.44855" lon="148.24295"><ele>398</ele></trkpt>
<trkpt lat="-35.44856" lon="148.24365"><ele>401</ele></trkpt>
<trkpt lat="-35.44834" lon="148.24494"><ele>396</ele></trkpt>
<trkpt lat="-35.44799" lon="148.24557"><ele>390</ele></trkpt>
<trkpt lat="-35.44808" lon="148.24653"><ele>397</ele></trkpt>
<trkpt lat="-35.44824" lon="148.2472"><ele>399</ele></trkpt>
<trkpt lat="-35.44838" lon="148.24748"><ele>400</ele></trkpt>
<trkpt lat="-35.44843" lon="148.2478"><ele>401</ele></trkpt>
<trkpt lat="-35.44826" lon="148.24875"><ele>400</ele></trkpt>
<trkpt lat="-35.44808" lon="148.24913"><ele>398</ele></trkpt>
<trkpt lat="-35.44808" lon="148.24972"><ele>395</ele></trkpt>
<trkpt lat="-35.44812" lon="148.24994"><ele>394</ele></trkpt>
<trkpt lat="-35.44831" lon="148.25035"><ele>395</ele></trkpt>
<trkpt lat="-35.44955" lon="148.251"><ele>409</ele></trkpt>
<trkpt lat="-35.44982" lon="148.25104"><ele>411</ele></trkpt>
<trkpt lat="-35.45071" lon="148.25092"><ele>417</ele></trkpt>
<trkpt lat="-35.4508" lon="148.25099"><ele>417</ele></trkpt>
<trkpt lat="-35.45087" lon="148.25114"><ele>416</ele></trkpt>
<trkpt lat="-35.45102" lon="148.25217"><ele>407</ele></trkpt>
<trkpt lat="-35.45103" lon="148.25266"><ele>409</ele></trkpt>
<trkpt lat="-35.45093" lon="148.25291"><ele>412</ele></trkpt>
<trkpt lat="-35.45081" lon="148.25306"><ele>413</ele></trkpt>
<trkpt lat="-35.45049" lon="148.25335"><ele>412</ele></trkpt>
<trkpt lat="-35.44984" lon="148.25378"><ele>406</ele></trkpt>
<trkpt lat="-35.44954" lon="148.2541"><ele>403</ele></trkpt>
<trkpt lat="-35.44948" lon="148.25423"><ele>403</ele></trkpt>
<trkpt lat="-35.44948" lon="148.25491"><ele>410</ele></trkpt>
<trkpt lat="-35.44936" lon="148.2552"><ele>413</ele></trkpt>
<trkpt lat="-35.44817" lon="148.25588"><ele>415</ele></trkpt>
<trkpt lat="-35.44805" lon="148.2559"><ele>415</ele></trkpt>
<trkpt lat="-35.44691" lon="148.25553"><ele>402</ele></trkpt>
<trkpt lat="-35.44658" lon="148.25568"><ele>404</ele></trkpt>
<trkpt lat="-35.44577" lon="148.25671"><ele>402</ele></trkpt>
<trkpt lat="-35.44567" lon="148.25702"><ele>400</ele></trkpt>
<trkpt lat="-35.44585" lon="148.25776"><ele>408</ele></trkpt>
<trkpt lat="-35.44614" lon="148.25837"><ele>413</ele></trkpt>
<trkpt lat="-35.44709" lon="148.25969"><ele>404</ele></trkpt>
<trkpt lat="-35.44745" lon="148.26001"><ele>407</ele></trkpt>
<trkpt lat="-35.44824" lon="148.26036"><ele>408</ele></trkpt>
<trkpt lat="-35.44858" lon="148.26044"><ele>407</ele></trkpt>
<trkpt lat="-35.44922" lon="148.26052"><ele>405</ele></trkpt>
<trkpt lat="-35.44957" lon="148.26043"><ele>413</ele></trkpt>
<trkpt lat="-35.44982" lon="148.26048"><ele>414</ele></trkpt>
<trkpt lat="-35.45062" lon="148.26108"><ele>399</ele></trkpt>
<trkpt lat="-35.45078" lon="148.26108"><ele>400</ele></trkpt>
<trkpt lat="-35.45114" lon="148.2609"><ele>408</ele></trkpt>
<trkpt lat="-35.45186" lon="148.26083"><ele>410</ele></trkpt>
<trkpt lat="-35.45207" lon="148.26092"><ele>406</ele></trkpt>
<trkpt lat="-35.45236" lon="148.26136"><ele>394</ele></trkpt>
<trkpt lat="-35.45245" lon="148.26139"><ele>394</ele></trkpt>
<trkpt lat="-35.45282" lon="148.26109"><ele>391</ele></trkpt>
<trkpt lat="-35.45294" lon="148.26092"><ele>392</ele></trkpt>
<trkpt lat="-35.45295" lon="148.26061"><ele>400</ele></trkpt>
<trkpt lat="-35.45326" lon="148.25961"><ele>415</ele></trkpt>
<trkpt lat="-35.45349" lon="148.25915"><ele>418</ele></trkpt>
<trkpt lat="-35.45384" lon="148.25864"><ele>423</ele></trkpt>
<trkpt lat="-35.45404" lon="148.25852"><ele>420</ele></trkpt>
<trkpt lat="-35.45462" lon="148.2585"><ele>408</ele></trkpt>
<trkpt lat="-35.45486" lon="148.25836"><ele>410</ele></trkpt>
<trkpt lat="-35.45539" lon="148.25823"><ele>405</ele></trkpt>
<trkpt lat="-35.45576" lon="148.25806"><ele>406</ele></trkpt>
<trkpt lat="-35.45608" lon="148.25782"><ele>408</ele></trkpt>
<trkpt lat="-35.4573" lon="148.25635"><ele>417</ele></trkpt>
<trkpt lat="-35.45753" lon="148.25615"><ele>417</ele></trkpt>
<trkpt lat="-35.45806" lon="148.256"><ele>418</ele></trkpt>
<trkpt lat="-35.45829" lon="148.256"><ele>417</ele></trkpt>
<trkpt lat="-35.45846" lon="148.25609"><ele>418</ele></trkpt>
<trkpt lat="-35.45887" lon="148.25734"><ele>401</ele></trkpt>
<trkpt lat="-35.45904" lon="148.25749"><ele>402</ele></trkpt>
<trkpt lat="-35.45945" lon="148.2576"><ele>401</ele></trkpt>
<trkpt lat="-35.45987" lon="148.25758"><ele>401</ele></trkpt>
<trkpt lat="-35.46027" lon="148.25733"><ele>400</ele></trkpt>
<trkpt lat="-35.46078" lon="148.25636"><ele>410</ele></trkpt>
<trkpt lat="-35.46114" lon="148.25597"><ele>414</ele></trkpt>
<trkpt lat="-35.4613" lon="148.25586"><ele>415</ele></trkpt>
<trkpt lat="-35.46203" lon="148.25579"><ele>401</ele></trkpt>
<trkpt lat="-35.46296" lon="148.25452"><ele>411</ele></trkpt>
<trkpt lat="-35.46329" lon="148.25421"><ele>409</ele></trkpt>
<trkpt lat="-35.46361" lon="148.25377"><ele>413</ele></trkpt>
<trkpt lat="-35.46463" lon="148.25311"><ele>405</ele></trkpt>
<trkpt lat="-35.46603" lon="148.25099"><ele>411</ele></trkpt>
<trkpt lat="-35.46634" lon="148.2506"><ele>415</ele></trkpt>
<trkpt lat="-35.46711" lon="148.25027"><ele>413</ele></trkpt>
<trkpt lat="-35.46787" lon="148.25023"><ele>405</ele></trkpt>
<trkpt lat="-35.4681" lon="148.25017"><ele>405</ele></trkpt>
<trkpt lat="-35.46884" lon="148.24974"><ele>405</ele></trkpt>
<trkpt lat="-35.46926" lon="148.24924"><ele>408</ele></trkpt>
<trkpt lat="-35.46954" lon="148.24878"><ele>413</ele></trkpt>
<trkpt lat="-35.46971" lon="148.24864"><ele>415</ele></trkpt>
<trkpt lat="-35.46995" lon="148.24865"><ele>411</ele></trkpt>
<trkpt lat="-35.4701" lon="148.24877"><ele>406</ele></trkpt>
<trkpt lat="-35.47022" lon="148.24876"><ele>405</ele></trkpt>
<trkpt lat="-35.47095" lon="148.24815"><ele>414</ele></trkpt>
<trkpt lat="-35.47131" lon="148.24795"><ele>416</ele></trkpt>
<trkpt lat="-35.47174" lon="148.24793"><ele>414</ele></trkpt>
<trkpt lat="-35.47215" lon="148.24801"><ele>413</ele></trkpt>
<trkpt lat="-35.47256" lon="148.24819"><ele>406</ele></trkpt>
<trkpt lat="-35.47282" lon="148.24817"><ele>403</ele></trkpt>
<trkpt lat="-35.47359" lon="148.24734"><ele>413</ele></trkpt>
<trkpt lat="-35.47422" lon="148.24712"><ele>402</ele></trkpt>
<trkpt lat="-35.47457" lon="148.24686"><ele>397</ele></trkpt>
<trkpt lat="-35.47469" lon="148.24658"><ele>398</ele></trkpt>
<trkpt lat="-35.47473" lon="148.24599"><ele>403</ele></trkpt>
<trkpt lat="-35.47491" lon="148.24518"><ele>401</ele></trkpt>
<trkpt lat="-35.47492" lon="148.24486"><ele>404</ele></trkpt>
<trkpt lat="-35.47528" lon="148.24368"><ele>401</ele></trkpt>
<trkpt lat="-35.47522" lon="148.243"><ele>402</ele></trkpt>
<trkpt lat="-35.47516" lon="148.24262"><ele>399</ele></trkpt>
<trkpt lat="-35.47455" lon="148.24219"><ele>409</ele></trkpt>
<trkpt lat="-35.47408" lon="148.24173"><ele>409</ele></trkpt>
<trkpt lat="-35.47371" lon="148.2412"><ele>412</ele></trkpt>
<trkpt lat="-35.47362" lon="148.24083"><ele>411</ele></trkpt>
<trkpt lat="-35.47387" lon="148.24059"><ele>411</ele></trkpt>
<trkpt lat="-35.47486" lon="148.24042"><ele>405</ele></trkpt>
<trkpt lat="-35.4753" lon="148.24047"><ele>403</ele></trkpt>
<trkpt lat="-35.47617" lon="148.24047"><ele>400</ele></trkpt>
<trkpt lat="-35.47645" lon="148.24035"><ele>401</ele></trkpt>
<trkpt lat="-35.47662" lon="148.24043"><ele>398</ele></trkpt>
<trkpt lat="-35.47671" lon="148.24066"><ele>396</ele></trkpt>
<trkpt lat="-35.47668" lon="148.24126"><ele>392</ele></trkpt>
<trkpt lat="-35.47647" lon="148.24171"><ele>389</ele></trkpt>
<trkpt lat="-35.47645" lon="148.24194"><ele>387</ele></trkpt>
<trkpt lat="-35.47685" lon="148.24262"><ele>387</ele></trkpt>
<trkpt lat="-35.47707" lon="148.24289"><ele>387</ele></trkpt>
<trkpt lat="-35.47727" lon="148.24299"><ele>389</ele></trkpt>
<trkpt lat="-35.47791" lon="148.24293"><ele>393</ele></trkpt>
<trkpt lat="-35.47929" lon="148.24253"><ele>395</ele></trkpt>
<trkpt lat="-35.47964" lon="148.24226"><ele>399</ele></trkpt>
<trkpt lat="-35.48024" lon="148.24197"><ele>398</ele></trkpt>
<trkpt lat="-35.48059" lon="148.24187"><ele>394</ele></trkpt>
<trkpt lat="-35.48105" lon="148.24156"><ele>391</ele></trkpt>
<trkpt lat="-35.48113" lon="148.24134"><ele>391</ele></trkpt>
<trkpt lat="-35.48121" lon="148.24074"><ele>395</ele></trkpt>
<trkpt lat="-35.48129" lon="148.2406"><ele>396</ele></trkpt>
<trkpt lat="-35.48298" lon="148.24015"><ele>394</ele></trkpt>
<trkpt lat="-35.48424" lon="148.23987"><ele>397</ele></trkpt>
<trkpt lat="-35.4853" lon="148.24029"><ele>392</ele></trkpt>
<trkpt lat="-35.48558" lon="148.24058"><ele>390</ele></trkpt>
<trkpt lat="-35.48563" lon="148.24084"><ele>388</ele></trkpt>
<trkpt lat="-35.48582" lon="148.24106"><ele>386</ele></trkpt>
<trkpt lat="-35.48621" lon="148.24099"><ele>385</ele></trkpt>
<trkpt lat="-35.48658" lon="148.24079"><ele>385</ele></trkpt>
<trkpt lat="-35.48676" lon="148.2405"><ele>384</ele></trkpt>
<trkpt lat="-35.48685" lon="148.24018"><ele>384</ele></trkpt>
<trkpt lat="-35.48684" lon="148.23993"><ele>386</ele></trkpt>
<trkpt lat="-35.4867" lon="148.23969"><ele>388</ele></trkpt>
<trkpt lat="-35.4862" lon="148.2394"><ele>393</ele></trkpt>
<trkpt lat="-35.48684" lon="148.23858"><ele>390</ele></trkpt>
<trkpt lat="-35.48815" lon="148.23727"><ele>388</ele></trkpt>
<trkpt lat="-35.48828" lon="148.23707"><ele>388</ele></trkpt>
<trkpt lat="-35.48832" lon="148.23646"><ele>393</ele></trkpt>
<trkpt lat="-35.48843" lon="148.23634"><ele>394</ele></trkpt>
<trkpt lat="-35.48858" lon="148.23626"><ele>394</ele></trkpt>
<trkpt lat="-35.48936" lon="148.23614"><ele>388</ele></trkpt>
<trkpt lat="-35.48976" lon="148.236"><ele>385</ele></trkpt>
<trkpt lat="-35.49006" lon="148.23565"><ele>389</ele></trkpt>
<trkpt lat="-35.49038" lon="148.2354"><ele>390</ele></trkpt>
<trkpt lat="-35.49057" lon="148.23517"><ele>391</ele></trkpt>
<trkpt lat="-35.49071" lon="148.23487"><ele>391</ele></trkpt>
<trkpt lat="-35.49074" lon="148.23431"><ele>392</ele></trkpt>
<trkpt lat="-35.49061" lon="148.23397"><ele>394</ele></trkpt>
<trkpt lat="-35.49044" lon="148.2338"><ele>396</ele></trkpt>
<trkpt lat="-35.48957" lon="148.23332"><ele>403</ele></trkpt>
<trkpt lat="-35.48924" lon="148.23302"><ele>404</ele></trkpt>
<trkpt lat="-35.48913" lon="148.23275"><ele>400</ele></trkpt>
<trkpt lat="-35.48911" lon="148.23253"><ele>396</ele></trkpt>
<trkpt lat="-35.48926" lon="148.23238"><ele>395</ele></trkpt>
<trkpt lat="-35.48995" lon="148.23234"><ele>397</ele></trkpt>
<trkpt lat="-35.49016" lon="148.23223"><ele>398</ele></trkpt>
<trkpt lat="-35.49041" lon="148.23198"><ele>401</ele></trkpt>
<trkpt lat="-35.49064" lon="148.23182"><ele>402</ele></trkpt>
<trkpt lat="-35.49095" lon="148.23168"><ele>404</ele></trkpt>
<trkpt lat="-35.49122" lon="148.2317"><ele>408</ele></trkpt>
<trkpt lat="-35.49146" lon="148.23198"><ele>407</ele></trkpt>
<trkpt lat="-35.49175" lon="148.23262"><ele>399</ele></trkpt>
<trkpt lat="-35.4924" lon="148.2331"><ele>406</ele></trkpt>
<trkpt lat="-35.49241" lon="148.23546"><ele>395</ele></trkpt>
<trkpt lat="-35.49266" lon="148.23575"><ele>394</ele></trkpt>
<trkpt lat="-35.49305" lon="148.23585"><ele>394</ele></trkpt>
<trkpt lat="-35.49353" lon="148.23584"><ele>394</ele></trkpt>
<trkpt lat="-35.49412" lon="148.23512"><ele>401</ele></trkpt>
<trkpt lat="-35.49437" lon="148.23464"><ele>402</ele></trkpt>
<trkpt lat="-35.49456" lon="148.23463"><ele>400</ele></trkpt>
<trkpt lat="-35.49475" lon="148.23453"><ele>398</ele></trkpt>
<trkpt lat="-35.49519" lon="148.23443"><ele>395</ele></trkpt>
<trkpt lat="-35.49728" lon="148.23437"><ele>394</ele></trkpt>
<trkpt lat="-35.4975" lon="148.23452"><ele>394</ele></trkpt>
<trkpt lat="-35.49759" lon="148.23472"><ele>394</ele></trkpt>
<trkpt lat="-35.49762" lon="148.23486"><ele>394</ele></trkpt>
<trkpt lat="-35.49757" lon="148.23521"><ele>393</ele></trkpt>
<trkpt lat="-35.49739" lon="148.23594"><ele>390</ele></trkpt>
<trkpt lat="-35.49744" lon="148.23626"><ele>390</ele></trkpt>
<trkpt lat="-35.4977" lon="148.23662"><ele>390</ele></trkpt>
<trkpt lat="-35.49809" lon="148.23734"><ele>390</ele></trkpt>
<trkpt lat="-35.49853" lon="148.23806"><ele>395</ele></trkpt>
<trkpt lat="-35.49867" lon="148.23842"><ele>399</ele></trkpt>
<trkpt lat="-35.49867" lon="148.23865"><ele>401</ele></trkpt>
<trkpt lat="-35.49845" lon="148.23912"><ele>400</ele></trkpt>
<trkpt lat="-35.49781" lon="148.23991"><ele>402</ele></trkpt>
<trkpt lat="-35.49679" lon="148.24096"><ele>404</ele></trkpt>
<trkpt lat="-35.4948" lon="148.24322"><ele>395</ele></trkpt>
<trkpt lat="-35.4948" lon="148.24338"><ele>397</ele></trkpt>
<trkpt lat="-35.49515" lon="148.24418"><ele>403</ele></trkpt>
<trkpt lat="-35.49595" lon="148.2446"><ele>408</ele></trkpt>
<trkpt lat="-35.49642" lon="148.24504"><ele>416</ele></trkpt>
<trkpt lat="-35.49657" lon="148.2453"><ele>415</ele></trkpt>
<trkpt lat="-35.49683" lon="148.24618"><ele>404</ele></trkpt>
<trkpt lat="-35.49773" lon="148.24684"><ele>399</ele></trkpt>
<trkpt lat="-35.49794" lon="148.24685"><ele>398</ele></trkpt>
<trkpt lat="-35.49817" lon="148.24669"><ele>405</ele></trkpt>
<trkpt lat="-35.49838" lon="148.24638"><ele>417</ele></trkpt>
<trkpt lat="-35.4987" lon="148.24616"><ele>424</ele></trkpt>
<trkpt lat="-35.49888" lon="148.24616"><ele>424</ele></trkpt>
<trkpt lat="-35.49905" lon="148.24623"><ele>421</ele></trkpt>
<trkpt lat="-35.49948" lon="148.24674"><ele>408</ele></trkpt>
<trkpt lat="-35.4997" lon="148.24684"><ele>409</ele></trkpt>
<trkpt lat="-35.50045" lon="148.24693"><ele>412</ele></trkpt>
<trkpt lat="-35.50199" lon="148.24673"><ele>423</ele></trkpt>
<trkpt lat="-35.50215" lon="148.24675"><ele>423</ele></trkpt>
<trkpt lat="-35.50258" lon="148.24718"><ele>406</ele></trkpt>
<trkpt lat="-35.50268" lon="148.24737"><ele>399</ele></trkpt>
<trkpt lat="-35.50305" lon="148.24779"><ele>389</ele></trkpt>
<trkpt lat="-35.50327" lon="148.24781"><ele>393</ele></trkpt>
<trkpt lat="-35.50372" lon="148.24766"><ele>394</ele></trkpt>
<trkpt lat="-35.50482" lon="148.2468"><ele>425</ele></trkpt>
<trkpt lat="-35.50542" lon="148.24666"><ele>417</ele></trkpt>
<trkpt lat="-35.50674" lon="148.24607"><ele>408</ele></trkpt>
<trkpt lat="-35.50775" lon="148.2458"><ele>395</ele></trkpt>
<trkpt lat="-35.50785" lon="148.24563"><ele>393</ele></trkpt>
<trkpt lat="-35.50782" lon="148.2454"><ele>395</ele></trkpt>
<trkpt lat="-35.5076" lon="148.24491"><ele>402</ele></trkpt>
<trkpt lat="-35.50748" lon="148.24472"><ele>402</ele></trkpt>
<trkpt lat="-35.50723" lon="148.2445"><ele>404</ele></trkpt>
<trkpt lat="-35.50702" lon="148.24419"><ele>405</ele></trkpt>
<trkpt lat="-35.50514" lon="148.24284"><ele>401</ele></trkpt>
<trkpt lat="-35.50423" lon="148.24232"><ele>403</ele></trkpt>
<trkpt lat="-35.50398" lon="148.24199"><ele>403</ele></trkpt>
<trkpt lat="-35.50386" lon="148.24165"><ele>401</ele></trkpt>
<trkpt lat="-35.50389" lon="148.24146"><ele>403</ele></trkpt>
<trkpt lat="-35.50397" lon="148.24132"><ele>403</ele></trkpt>
<trkpt lat="-35.50539" lon="148.24025"><ele>401</ele></trkpt>
<trkpt lat="-35.50587" lon="148.23979"><ele>400</ele></trkpt>
<trkpt lat="-35.50625" lon="148.23875"><ele>400</ele></trkpt>
<trkpt lat="-35.5065" lon="148.23754"><ele>408</ele></trkpt>
<trkpt lat="-35.50663" lon="148.23725"><ele>409</ele></trkpt>
<trkpt lat="-35.50684" lon="148.23724"><ele>412</ele></trkpt>
<trkpt lat="-35.50693" lon="148.23728"><ele>413</ele></trkpt>
<trkpt lat="-35.50701" lon="148.23742"><ele>413</ele></trkpt>
<trkpt lat="-35.50758" lon="148.23912"><ele>401</ele></trkpt>
<trkpt lat="-35.50772" lon="148.23947"><ele>397</ele></trkpt>
<trkpt lat="-35.50781" lon="148.23959"><ele>397</ele></trkpt>
<trkpt lat="-35.50812" lon="148.23962"><ele>399</ele></trkpt>
<trkpt lat="-35.50939" lon="148.23889"><ele>405</ele></trkpt>
<trkpt lat="-35.50967" lon="148.23891"><ele>406</ele></trkpt>
<trkpt lat="-35.51028" lon="148.23938"><ele>405</ele></trkpt>
<trkpt lat="-35.51161" lon="148.24063"><ele>402</ele></trkpt>
<trkpt lat="-35.5121" lon="148.24082"><ele>396</ele></trkpt>
<trkpt lat="-35.51235" lon="148.24079"><ele>397</ele></trkpt>
<trkpt lat="-35.51273" lon="148.24067"><ele>394</ele></trkpt>
<trkpt lat="-35.51289" lon="148.24048"><ele>393</ele></trkpt>
<trkpt lat="-35.51305" lon="148.24016"><ele>394</ele></trkpt>
<trkpt lat="-35.51317" lon="148.23943"><ele>395</ele></trkpt>
<trkpt lat="-35.51308" lon="148.2391"><ele>401</ele></trkpt>
<trkpt lat="-35.5129" lon="148.23877"><ele>408</ele></trkpt>
<trkpt lat="-35.5128" lon="148.23838"><ele>412</ele></trkpt>
<trkpt lat="-35.51321" lon="148.23754"><ele>407</ele></trkpt>
<trkpt lat="-35.51328" lon="148.237"><ele>411</ele></trkpt>
<trkpt lat="-35.51367" lon="148.23616"><ele>419</ele></trkpt>
<trkpt lat="-35.51374" lon="148.23608"><ele>420</ele></trkpt>
<trkpt lat="-35.51387" lon="148.23605"><ele>419</ele></trkpt>
<trkpt lat="-35.51412" lon="148.23619"><ele>416</ele></trkpt>
<trkpt lat="-35.5142" lon="148.23639"><ele>415</ele></trkpt>
<trkpt lat="-35.51421" lon="148.23663"><ele>414</ele></trkpt>
<trkpt lat="-35.51408" lon="148.23726"><ele>410</ele></trkpt>
<trkpt lat="-35.51408" lon="148.23764"><ele>406</ele></trkpt>
<trkpt lat="-35.51466" lon="148.23836"><ele>405</ele></trkpt>
<trkpt lat="-35.51474" lon="148.23856"><ele>406</ele></trkpt>
<trkpt lat="-35.515" lon="148.24034"><ele>399</ele></trkpt>
<trkpt lat="-35.51513" lon="148.24085"><ele>393</ele></trkpt>
<trkpt lat="-35.51522" lon="148.24096"><ele>392</ele></trkpt>
<trkpt lat="-35.51536" lon="148.241"><ele>392</ele></trkpt>
<trkpt lat="-35.51603" lon="148.24089"><ele>397</ele></trkpt>
<trkpt lat="-35.51638" lon="148.24096"><ele>390</ele></trkpt>
<trkpt lat="-35.51644" lon="148.24094"><ele>389</ele></trkpt>
<trkpt lat="-35.51658" lon="148.24045"><ele>394</ele></trkpt>
<trkpt lat="-35.51668" lon="148.23966"><ele>395</ele></trkpt>
<trkpt lat="-35.51662" lon="148.23939"><ele>395</ele></trkpt>
<trkpt lat="-35.51651" lon="148.23921"><ele>397</ele></trkpt>
<trkpt lat="-35.5161" lon="148.23869"><ele>407</ele></trkpt>
<trkpt lat="-35.51596" lon="148.23843"><ele>409</ele></trkpt>
<trkpt lat="-35.51595" lon="148.23808"><ele>412</ele></trkpt>
<trkpt lat="-35.5167" lon="148.23723"><ele>412</ele></trkpt>
<trkpt lat="-35.51702" lon="148.23722"><ele>412</ele></trkpt>
<trkpt lat="-35.51723" lon="148.23734"><ele>409</ele></trkpt>
<trkpt lat="-35.51875" lon="148.23901"><ele>396</ele></trkpt>
<trkpt lat="-35.51968" lon="148.23992"><ele>397</ele></trkpt>
<trkpt lat="-35.51972" lon="148.24015"><ele>397</ele></trkpt>
<trkpt lat="-35.51969" lon="148.24043"><ele>398</ele></trkpt>
<trkpt lat="-35.5195" lon="148.2407"><ele>395</ele></trkpt>
<trkpt lat="-35.51946" lon="148.24084"><ele>395</ele></trkpt>
<trkpt lat="-35.51962" lon="148.2414"><ele>398</ele></trkpt>
<trkpt lat="-35.51946" lon="148.24207"><ele>389</ele></trkpt>
<trkpt lat="-35.5195" lon="148.24233"><ele>388</ele></trkpt>
<trkpt lat="-35.51972" lon="148.24254"><ele>389</ele></trkpt>
<trkpt lat="-35.51994" lon="148.24257"><ele>392</ele></trkpt>
<trkpt lat="-35.52036" lon="148.24242"><ele>398</ele></trkpt>
<trkpt lat="-35.52087" lon="148.24242"><ele>399</ele></trkpt>
<trkpt lat="-35.52109" lon="148.24227"><ele>405</ele></trkpt>
<trkpt lat="-35.5213" lon="148.24229"><ele>405</ele></trkpt>
<trkpt lat="-35.52161" lon="148.24269"><ele>394</ele></trkpt>
<trkpt lat="-35.52281" lon="148.24271"><ele>387</ele></trkpt>
<trkpt lat="-35.52303" lon="148.24261"><ele>384</ele></trkpt>
<trkpt lat="-35.5231" lon="148.2424"><ele>384</ele></trkpt>
<trkpt lat="-35.52306" lon="148.24212"><ele>385</ele></trkpt>
<trkpt lat="-35.52246" lon="148.24081"><ele>391</ele></trkpt>
<trkpt lat="-35.52224" lon="148.24069"><ele>393</ele></trkpt>
<trkpt lat="-35.52181" lon="148.2406"><ele>401</ele></trkpt>
<trkpt lat="-35.52162" lon="148.24051"><ele>403</ele></trkpt>
<trkpt lat="-35.52135" lon="148.2398"><ele>393</ele></trkpt>
<trkpt lat="-35.52107" lon="148.23937"><ele>395</ele></trkpt>
<trkpt lat="-35.52084" lon="148.23872"><ele>393</ele></trkpt>
<trkpt lat="-35.52046" lon="148.2383"><ele>399</ele></trkpt>
<trkpt lat="-35.5204" lon="148.23808"><ele>401</ele></trkpt>
<trkpt lat="-35.52043" lon="148.23681"><ele>399</ele></trkpt>
<trkpt lat="-35.52029" lon="148.23591"><ele>401</ele></trkpt>
<trkpt lat="-35.52041" lon="148.23549"><ele>403</ele></trkpt>
<trkpt lat="-35.52072" lon="148.23508"><ele>404</ele></trkpt>
<trkpt lat="-35.52093" lon="148.23498"><ele>405</ele></trkpt>
<trkpt lat="-35.52128" lon="148.23497"><ele>405</ele></trkpt>
<trkpt lat="-35.52328" lon="148.2354"><ele>400</ele></trkpt>
<trkpt lat="-35.52471" lon="148.23599"><ele>402</ele></trkpt>
<trkpt lat="-35.52651" lon="148.23583"><ele>396</ele></trkpt>
<trkpt lat="-35.52689" lon="148.23559"><ele>396</ele></trkpt>
<trkpt lat="-35.52716" lon="148.23525"><ele>398</ele></trkpt>
<trkpt lat="-35.5273" lon="148.23491"><ele>400</ele></trkpt>
<trkpt lat="-35.52732" lon="148.23468"><ele>402</ele></trkpt>
<trkpt lat="-35.52706" lon="148.23394"><ele>417</ele></trkpt>
<trkpt lat="-35.527" lon="148.23346"><ele>422</ele></trkpt>
<trkpt lat="-35.5271" lon="148.2333"><ele>421</ele></trkpt>
<trkpt lat="-35.52727" lon="148.23321"><ele>419</ele></trkpt>
<trkpt lat="-35.52739" lon="148.23324"><ele>417</ele></trkpt>
<trkpt lat="-35.52761" lon="148.23355"><ele>412</ele></trkpt>
<trkpt lat="-35.52793" lon="148.23452"><ele>403</ele></trkpt>
<trkpt lat="-35.52808" lon="148.23481"><ele>399</ele></trkpt>
<trkpt lat="-35.52855" lon="148.23512"><ele>395</ele></trkpt>
<trkpt lat="-35.52911" lon="148.23525"><ele>395</ele></trkpt>
<trkpt lat="-35.52921" lon="148.23523"><ele>395</ele></trkpt>
<trkpt lat="-35.52936" lon="148.23515"><ele>395</ele></trkpt>
<trkpt lat="-35.53027" lon="148.23425"><ele>404</ele></trkpt>
<trkpt lat="-35.53047" lon="148.23418"><ele>405</ele></trkpt>
<trkpt lat="-35.53072" lon="148.23421"><ele>404</ele></trkpt>
<trkpt lat="-35.5309" lon="148.23434"><ele>403</ele></trkpt>
<trkpt lat="-35.53187" lon="148.2354"><ele>397</ele></trkpt>
<trkpt lat="-35.53209" lon="148.23546"><ele>394</ele></trkpt>
<trkpt lat="-35.53222" lon="148.23544"><ele>394</ele></trkpt>
<trkpt lat="-35.5324" lon="148.23537"><ele>394</ele></trkpt>
<trkpt lat="-35.53258" lon="148.2352"><ele>396</ele></trkpt>
<trkpt lat="-35.53275" lon="148.23493"><ele>397</ele></trkpt>
<trkpt lat="-35.53287" lon="148.23458"><ele>398</ele></trkpt>
<trkpt lat="-35.53283" lon="148.2342"><ele>402</ele></trkpt>
<trkpt lat="-35.53232" lon="148.23347"><ele>406</ele></trkpt>
<trkpt lat="-35.5322" lon="148.23317"><ele>407</ele></trkpt>
<trkpt lat="-35.5322" lon="148.233"><ele>407</ele></trkpt>
<trkpt lat="-35.53227" lon="148.2328"><ele>406</ele></trkpt>
<trkpt lat="-35.53254" lon="148.23224"><ele>404</ele></trkpt>
<trkpt lat="-35.53265" lon="148.23214"><ele>405</ele></trkpt>
<trkpt lat="-35.53293" lon="148.23215"><ele>407</ele></trkpt>
<trkpt lat="-35.5332" lon="148.23224"><ele>407</ele></trkpt>
<trkpt lat="-35.53519" lon="148.23341"><ele>400</ele></trkpt>
<trkpt lat="-35.53562" lon="148.23344"><ele>399</ele></trkpt>
<trkpt lat="-35.53646" lon="148.2333"><ele>398</ele></trkpt>
<trkpt lat="-35.53693" lon="148.23311"><ele>398</ele></trkpt>
<trkpt lat="-35.53783" lon="148.23233"><ele>401</ele></trkpt>
<trkpt lat="-35.53856" lon="148.23201"><ele>405</ele></trkpt>
<trkpt lat="-35.53987" lon="148.23164"><ele>395</ele></trkpt>
<trkpt lat="-35.54011" lon="148.23145"><ele>394</ele></trkpt>
<trkpt lat="-35.54052" lon="148.23058"><ele>403</ele></trkpt>
<trkpt lat="-35.54066" lon="148.23042"><ele>404</ele></trkpt>
<trkpt lat="-35.54233" lon="148.2293"><ele>397</ele></trkpt>
<trkpt lat="-35.54358" lon="148.2279"><ele>403</ele></trkpt>
<trkpt lat="-35.54394" lon="148.22764"><ele>406</ele></trkpt>
<trkpt lat="-35.54463" lon="148.22755"><ele>402</ele></trkpt>
<trkpt lat="-35.54549" lon="148.22758"><ele>398</ele></trkpt>
<trkpt lat="-35.54589" lon="148.22766"><ele>397</ele></trkpt>
<trkpt lat="-35.54683" lon="148.22795"><ele>399</ele></trkpt>
<trkpt lat="-35.54754" lon="148.22803"><ele>399</ele></trkpt>
<trkpt lat="-35.54789" lon="148.22798"><ele>399</ele></trkpt>
<trkpt lat="-35.54811" lon="148.22792"><ele>400</ele></trkpt>
<trkpt lat="-35.54912" lon="148.22736"><ele>404</ele></trkpt>
<trkpt lat="-35.55011" lon="148.22658"><ele>409</ele></trkpt>
<trkpt lat="-35.5503" lon="148.22653"><ele>408</ele></trkpt>
<trkpt lat="-35.5504" lon="148.22658"><ele>406</ele></trkpt>
<trkpt lat="-35.55054" lon="148.22696"><ele>403</ele></trkpt>
<trkpt lat="-35.55049" lon="148.22719"><ele>401</ele></trkpt>
<trkpt lat="-35.5501" lon="148.22779"><ele>396</ele></trkpt>
<trkpt lat="-35.55004" lon="148.22798"><ele>396</ele></trkpt>
<trkpt lat="-35.54988" lon="148.22824"><ele>395</ele></trkpt>
<trkpt lat="-35.54879" lon="148.22906"><ele>395</ele></trkpt>
<trkpt lat="-35.54758" lon="148.22986"><ele>398</ele></trkpt>
<trkpt lat="-35.54687" lon="148.2302"><ele>397</ele></trkpt>
<trkpt lat="-35.54601" lon="148.23054"><ele>391</ele></trkpt>
<trkpt lat="-35.54564" lon="148.23078"><ele>390</ele></trkpt>
<trkpt lat="-35.54539" lon="148.23109"><ele>389</ele></trkpt>
<trkpt lat="-35.54505" lon="148.23189"><ele>389</ele></trkpt>
<trkpt lat="-35.54479" lon="148.23238"><ele>390</ele></trkpt>
<trkpt lat="-35.54393" lon="148.23347"><ele>388</ele></trkpt>
<trkpt lat="-35.54348" lon="148.23416"><ele>387</ele></trkpt>
<trkpt lat="-35.54334" lon="148.2345"><ele>386</ele></trkpt>
<trkpt lat="-35.54332" lon="148.23472"><ele>386</ele></trkpt>
<trkpt lat="-35.54345" lon="148.23517"><ele>387</ele></trkpt>
<trkpt lat="-35.54361" lon="148.2353"><ele>388</ele></trkpt>
<trkpt lat="-35.54388" lon="148.23541"><ele>390</ele></trkpt>
<trkpt lat="-35.54483" lon="148.23532"><ele>398</ele></trkpt>
<trkpt lat="-35.54552" lon="148.23513"><ele>400</ele></trkpt>
<trkpt lat="-35.54671" lon="148.23461"><ele>400</ele></trkpt>
<trkpt lat="-35.54717" lon="148.23449"><ele>402</ele></trkpt>
<trkpt lat="-35.54746" lon="148.23465"><ele>398</ele></trkpt>
<trkpt lat="-35.54801" lon="148.23518"><ele>390</ele></trkpt>
<trkpt lat="-35.54851" lon="148.23539"><ele>391</ele></trkpt>
<trkpt lat="-35.54929" lon="148.23544"><ele>395</ele></trkpt>
<trkpt lat="-35.55165" lon="148.23538"><ele>389</ele></trkpt>
<trkpt lat="-35.55254" lon="148.23529"><ele>390</ele></trkpt>
<trkpt lat="-35.55306" lon="148.23543"><ele>390</ele></trkpt>
<trkpt lat="-35.55455" lon="148.23625"><ele>387</ele></trkpt>
<trkpt lat="-35.55617" lon="148.23659"><ele>390</ele></trkpt>
<trkpt lat="-35.55885" lon="148.23723"><ele>395</ele></trkpt>
<trkpt lat="-35.56218" lon="148.23735"><ele>396</ele></trkpt>
<trkpt lat="-35.56238" lon="148.23741"><ele>396</ele></trkpt>
<trkpt lat="-35.56275" lon="148.23779"><ele>396</ele></trkpt>
<trkpt lat="-35.56329" lon="148.23909"><ele>394</ele></trkpt>
<trkpt lat="-35.56357" lon="148.23965"><ele>394</ele></trkpt>
<trkpt lat="-35.56301" lon="148.23996"><ele>390</ele></trkpt>
<trkpt lat="-35.56184" lon="148.2401"><ele>394</ele></trkpt>
<trkpt lat="-35.56124" lon="148.24089"><ele>409</ele></trkpt>
<trkpt lat="-35.56103" lon="148.24133"><ele>419</ele></trkpt>
<trkpt lat="-35.56067" lon="148.24165"><ele>421</ele></trkpt>
<trkpt lat="-35.56051" lon="148.24189"><ele>425</ele></trkpt>
<trkpt lat="-35.56027" lon="148.2421"><ele>426</ele></trkpt>
<trkpt lat="-35.56004" lon="148.24248"><ele>429</ele></trkpt>
<trkpt lat="-35.5599" lon="148.2425"><ele>430</ele></trkpt>
<trkpt lat="-35.5598" lon="148.24244"><ele>430</ele></trkpt>
<trkpt lat="-35.55956" lon="148.24198"><ele>424</ele></trkpt>
<trkpt lat="-35.55938" lon="148.24186"><ele>423</ele></trkpt>
<trkpt lat="-35.55922" lon="148.24179"><ele>423</ele></trkpt>
<trkpt lat="-35.55871" lon="148.24182"><ele>424</ele></trkpt>
<trkpt lat="-35.55827" lon="148.24202"><ele>427</ele></trkpt>
<trkpt lat="-35.55817" lon="148.24221"><ele>430</ele></trkpt>
<trkpt lat="-35.55832" lon="148.24267"><ele>438</ele></trkpt>
<trkpt lat="-35.55829" lon="148.24284"><ele>439</ele></trkpt>
<trkpt lat="-35.55806" lon="148.24308"><ele>440</ele></trkpt>
<trkpt lat="-35.5579" lon="148.24316"><ele>440</ele></trkpt>
<trkpt lat="-35.55759" lon="148.24322"><ele>440</ele></trkpt>
<trkpt lat="-35.5573" lon="148.24318"><ele>438</ele></trkpt>
<trkpt lat="-35.55701" lon="148.24303"><ele>435</ele></trkpt>
<trkpt lat="-35.55684" lon="148.243"><ele>435</ele></trkpt>
<trkpt lat="-35.55618" lon="148.24311"><ele>434</ele></trkpt>
<trkpt lat="-35.55525" lon="148.2434"><ele>439</ele></trkpt>
<trkpt lat="-35.55377" lon="148.24365"><ele>436</ele></trkpt>
<trkpt lat="-35.55353" lon="148.2438"><ele>436</ele></trkpt>
<trkpt lat="-35.55339" lon="148.24395"><ele>435</ele></trkpt>
<trkpt lat="-35.5533" lon="148.24463"><ele>441</ele></trkpt>
<trkpt lat="-35.55334" lon="148.24507"><ele>447</ele></trkpt>
<trkpt lat="-35.55349" lon="148.24542"><ele>454</ele></trkpt>
<trkpt lat="-35.55377" lon="148.24575"><ele>463</ele></trkpt>
<trkpt lat="-35.55433" lon="148.24613"><ele>480</ele></trkpt>
<trkpt lat="-35.55469" lon="148.24627"><ele>489</ele></trkpt>
<trkpt lat="-35.55486" lon="148.24648"><ele>492</ele></trkpt>
<trkpt lat="-35.55485" lon="148.24664"><ele>490</ele></trkpt>
<trkpt lat="-35.55472" lon="148.2467"><ele>489</ele></trkpt>
<trkpt lat="-35.55407" lon="148.24675"><ele>480</ele></trkpt>
<trkpt lat="-35.55389" lon="148.24685"><ele>480</ele></trkpt>
<trkpt lat="-35.55381" lon="148.24696"><ele>481</ele></trkpt>
<trkpt lat="-35.55374" lon="148.24721"><ele>486</ele></trkpt>
<trkpt lat="-35.55375" lon="148.24756"><ele>495</ele></trkpt>
<trkpt lat="-35.55381" lon="148.24792"><ele>502</ele></trkpt>
<trkpt lat="-35.55411" lon="148.24864"><ele>516</ele></trkpt>
<trkpt lat="-35.55414" lon="148.24882"><ele>518</ele></trkpt>
<trkpt lat="-35.5541" lon="148.24898"><ele>520</ele></trkpt>
<trkpt lat="-35.55401" lon="148.24905"><ele>523</ele></trkpt>
<trkpt lat="-35.55389" lon="148.24901"><ele>523</ele></trkpt>
<trkpt lat="-35.55373" lon="148.24881"><ele>520</ele></trkpt>
<trkpt lat="-35.55303" lon="148.24857"><ele>516</ele></trkpt>
<trkpt lat="-35.55286" lon="148.24857"><ele>518</ele></trkpt>
<trkpt lat="-35.55234" lon="148.24886"><ele>535</ele></trkpt>
<trkpt lat="-35.55201" lon="148.24919"><ele>552</ele></trkpt>
<trkpt lat="-35.55186" lon="148.24909"><ele>551</ele></trkpt>
<trkpt lat="-35.55178" lon="148.24886"><ele>546</ele></trkpt>
<trkpt lat="-35.55175" lon="148.24846"><ele>536</ele></trkpt>
<trkpt lat="-35.55168" lon="148.24837"><ele>535</ele></trkpt>
<trkpt lat="-35.55158" lon="148.24828"><ele>532</ele></trkpt>
<trkpt lat="-35.55136" lon="148.24835"><ele>534</ele></trkpt>
<trkpt lat="-35.551" lon="148.24887"><ele>553</ele></trkpt>
<trkpt lat="-35.55057" lon="148.2491"><ele>558</ele></trkpt>
<trkpt lat="-35.55017" lon="148.2492"><ele>553</ele></trkpt>
<trkpt lat="-35.55008" lon="148.24931"><ele>553</ele></trkpt>
<trkpt lat="-35.55003" lon="148.24967"><ele>558</ele></trkpt>
<trkpt lat="-35.55031" lon="148.25079"><ele>587</ele></trkpt>
<trkpt lat="-35.55015" lon="148.25091"><ele>585</ele></trkpt>
<trkpt lat="-35.55004" lon="148.25112"><ele>587</ele></trkpt>
<trkpt lat="-35.54995" lon="148.25115"><ele>586</ele></trkpt>
<trkpt lat="-35.5496" lon="148.25098"><ele>579</ele></trkpt>
<trkpt lat="-35.54939" lon="148.251"><ele>578</ele></trkpt>
<trkpt lat="-35.54899" lon="148.25127"><ele>586</ele></trkpt>
<trkpt lat="-35.54831" lon="148.25152"><ele>588</ele></trkpt>
<trkpt lat="-35.5478" lon="148.25162"><ele>590</ele></trkpt>
<trkpt lat="-35.54827" lon="148.25235"><ele>582</ele></trkpt>
<trkpt lat="-35.54845" lon="148.25252"><ele>583</ele></trkpt>
<trkpt lat="-35.5491" lon="148.25289"><ele>584</ele></trkpt>
<trkpt lat="-35.54935" lon="148.25319"><ele>579</ele></trkpt>
<trkpt lat="-35.5495" lon="148.25356"><ele>569</ele></trkpt>
<trkpt lat="-35.54956" lon="148.25391"><ele>558</ele></trkpt>
<trkpt lat="-35.54954" lon="148.25439"><ele>543</ele></trkpt>
<trkpt lat="-35.54962" lon="148.25451"><ele>541</ele></trkpt>
<trkpt lat="-35.54971" lon="148.25455"><ele>540</ele></trkpt>
<trkpt lat="-35.54986" lon="148.25445"><ele>544</ele></trkpt>
<trkpt lat="-35.55006" lon="148.25407"><ele>556</ele></trkpt>
<trkpt lat="-35.55029" lon="148.25391"><ele>559</ele></trkpt>
<trkpt lat="-35.55063" lon="148.25407"><ele>549</ele></trkpt>
<trkpt lat="-35.55084" lon="148.25412"><ele>544</ele></trkpt>
<trkpt lat="-35.55102" lon="148.25406"><ele>548</ele></trkpt>
<trkpt lat="-35.55137" lon="148.25382"><ele>559</ele></trkpt>
<trkpt lat="-35.55143" lon="148.25383"><ele>559</ele></trkpt>
<trkpt lat="-35.55149" lon="148.25393"><ele>556</ele></trkpt>
<trkpt lat="-35.55145" lon="148.25478"><ele>539</ele></trkpt>
<trkpt lat="-35.55152" lon="148.25498"><ele>537</ele></trkpt>
<trkpt lat="-35.55152" lon="148.25533"><ele>537</ele></trkpt>
<trkpt lat="-35.55121" lon="148.25581"><ele>524</ele></trkpt>
<trkpt lat="-35.55121" lon="148.25623"><ele>522</ele></trkpt>
<trkpt lat="-35.5509" lon="148.25671"><ele>505</ele></trkpt>
<trkpt lat="-35.55085" lon="148.25694"><ele>501</ele></trkpt>
<trkpt lat="-35.55085" lon="148.25722"><ele>499</ele></trkpt>
<trkpt lat="-35.55099" lon="148.25764"><ele>500</ele></trkpt>
<trkpt lat="-35.55124" lon="148.25828"><ele>495</ele></trkpt>
<trkpt lat="-35.55145" lon="148.25867"><ele>491</ele></trkpt>
<trkpt lat="-35.55156" lon="148.25883"><ele>490</ele></trkpt>
<trkpt lat="-35.55185" lon="148.25896"><ele>493</ele></trkpt>
<trkpt lat="-35.55231" lon="148.25903"><ele>501</ele></trkpt>
<trkpt lat="-35.55266" lon="148.25903"><ele>505</ele></trkpt>
<trkpt lat="-35.55317" lon="148.25885"><ele>509</ele></trkpt>
<trkpt lat="-35.55331" lon="148.25878"><ele>510</ele></trkpt>
<trkpt lat="-35.5535" lon="148.2585"><ele>513</ele></trkpt>
<trkpt lat="-35.55393" lon="148.2575"><ele>528</ele></trkpt>
<trkpt lat="-35.5541" lon="148.25731"><ele>530</ele></trkpt>
<trkpt lat="-35.55434" lon="148.25748"><ele>526</ele></trkpt>
<trkpt lat="-35.55472" lon="148.25852"><ele>524</ele></trkpt>
<trkpt lat="-35.55504" lon="148.25914"><ele>523</ele></trkpt>
<trkpt lat="-35.55529" lon="148.25934"><ele>524</ele></trkpt>
<trkpt lat="-35.55578" lon="148.25957"><ele>528</ele></trkpt>
<trkpt lat="-35.55612" lon="148.25965"><ele>527</ele></trkpt>
<trkpt lat="-35.5567" lon="148.25949"><ele>533</ele></trkpt>
<trkpt lat="-35.557" lon="148.2593"><ele>532</ele></trkpt>
<trkpt lat="-35.55763" lon="148.25871"><ele>535</ele></trkpt>
<trkpt lat="-35.5579" lon="148.25827"><ele>544</ele></trkpt>
<trkpt lat="-35.5583" lon="148.25821"><ele>536</ele></trkpt>
<trkpt lat="-35.55851" lon="148.25811"><ele>539</ele></trkpt>
<trkpt lat="-35.55877" lon="148.25789"><ele>544</ele></trkpt>
<trkpt lat="-35.55896" lon="148.25762"><ele>548</ele></trkpt>
<trkpt lat="-35.55909" lon="148.2576"><ele>546</ele></trkpt>
<trkpt lat="-35.55927" lon="148.25768"><ele>549</ele></trkpt>
<trkpt lat="-35.55934" lon="148.25777"><ele>551</ele></trkpt>
<trkpt lat="-35.55935" lon="148.25797"><ele>549</ele></trkpt>
<trkpt lat="-35.55907" lon="148.25917"><ele>538</ele></trkpt>
<trkpt lat="-35.55904" lon="148.25956"><ele>536</ele></trkpt>
<trkpt lat="-35.55917" lon="148.26022"><ele>537</ele></trkpt>
<trkpt lat="-35.55936" lon="148.26055"><ele>538</ele></trkpt>
<trkpt lat="-35.55962" lon="148.26078"><ele>539</ele></trkpt>
<trkpt lat="-35.5598" lon="148.26087"><ele>541</ele></trkpt>
<trkpt lat="-35.56003" lon="148.26093"><ele>544</ele></trkpt>
<trkpt lat="-35.56038" lon="148.26086"><ele>551</ele></trkpt>
<trkpt lat="-35.56059" lon="148.26088"><ele>552</ele></trkpt>
<trkpt lat="-35.56072" lon="148.261"><ele>550</ele></trkpt>
<trkpt lat="-35.56088" lon="148.26139"><ele>539</ele></trkpt>
<trkpt lat="-35.56115" lon="148.2618"><ele>533</ele></trkpt>
<trkpt lat="-35.56227" lon="148.26238"><ele>538</ele></trkpt>
<trkpt lat="-35.56294" lon="148.26308"><ele>523</ele></trkpt>
<trkpt lat="-35.56314" lon="148.26318"><ele>521</ele></trkpt>
<trkpt lat="-35.56327" lon="148.26318"><ele>522</ele></trkpt>
<trkpt lat="-35.56356" lon="148.26351"><ele>514</ele></trkpt>
<trkpt lat="-35.56433" lon="148.26344"><ele>520</ele></trkpt>
<trkpt lat="-35.5645" lon="148.26346"><ele>521</ele></trkpt>
<trkpt lat="-35.56548" lon="148.26388"><ele>526</ele></trkpt>
<trkpt lat="-35.56572" lon="148.26405"><ele>526</ele></trkpt>
<trkpt lat="-35.56595" lon="148.26442"><ele>527</ele></trkpt>
<trkpt lat="-35.56603" lon="148.26482"><ele>526</ele></trkpt>
<trkpt lat="-35.56602" lon="148.26496"><ele>525</ele></trkpt>
<trkpt lat="-35.56573" lon="148.26541"><ele>524</ele></trkpt>
<trkpt lat="-35.5656" lon="148.26576"><ele>524</ele></trkpt>
<trkpt lat="-35.56569" lon="148.2662"><ele>525</ele></trkpt>
<trkpt lat="-35.56581" lon="148.26637"><ele>528</ele></trkpt>
<trkpt lat="-35.56715" lon="148.26764"><ele>545</ele></trkpt>
<trkpt lat="-35.56756" lon="148.26815"><ele>550</ele></trkpt>
<trkpt lat="-35.56775" lon="148.26826"><ele>552</ele></trkpt>
<trkpt lat="-35.56834" lon="148.26846"><ele>559</ele></trkpt>
<trkpt lat="-35.56874" lon="148.26848"><ele>566</ele></trkpt>
<trkpt lat="-35.56896" lon="148.26844"><ele>571</ele></trkpt>
<trkpt lat="-35.56911" lon="148.26849"><ele>573</ele></trkpt>
<trkpt lat="-35.56949" lon="148.26904"><ele>577</ele></trkpt>
<trkpt lat="-35.56994" lon="148.2694"><ele>585</ele></trkpt>
<trkpt lat="-35.57001" lon="148.26971"><ele>584</ele></trkpt>
<trkpt lat="-35.56994" lon="148.2706"><ele>588</ele></trkpt>
<trkpt lat="-35.57002" lon="148.27069"><ele>591</ele></trkpt>
<trkpt lat="-35.57011" lon="148.27071"><ele>591</ele></trkpt>
<trkpt lat="-35.5703" lon="148.2706"><ele>588</ele></trkpt>
<trkpt lat="-35.57047" lon="148.2707"><ele>588</ele></trkpt>
<trkpt lat="-35.5707" lon="148.27098"><ele>590</ele></trkpt>
<trkpt lat="-35.57092" lon="148.27107"><ele>588</ele></trkpt>
<trkpt lat="-35.57147" lon="148.27147"><ele>584</ele></trkpt>
<trkpt lat="-35.57183" lon="148.27167"><ele>581</ele></trkpt>
<trkpt lat="-35.57206" lon="148.27163"><ele>577</ele></trkpt>
<trkpt lat="-35.57277" lon="148.2713"><ele>556</ele></trkpt>
<trkpt lat="-35.57351" lon="148.27126"><ele>540</ele></trkpt>
<trkpt lat="-35.57377" lon="148.27114"><ele>533</ele></trkpt>
<trkpt lat="-35.57398" lon="148.27118"><ele>530</ele></trkpt>
<trkpt lat="-35.57463" lon="148.27147"><ele>529</ele></trkpt>
<trkpt lat="-35.57608" lon="148.27118"><ele>508</ele></trkpt>
<trkpt lat="-35.57659" lon="148.2715"><ele>505</ele></trkpt>
<trkpt lat="-35.57716" lon="148.27159"><ele>501</ele></trkpt>
<trkpt lat="-35.57738" lon="148.27141"><ele>500</ele></trkpt>
<trkpt lat="-35.57767" lon="148.27143"><ele>497</ele></trkpt>
<trkpt lat="-35.57805" lon="148.27173"><ele>493</ele></trkpt>
<trkpt lat="-35.57835" lon="148.27169"><ele>489</ele></trkpt>
<trkpt lat="-35.57861" lon="148.2719"><ele>490</ele></trkpt>
<trkpt lat="-35.57873" lon="148.27221"><ele>489</ele></trkpt>
<trkpt lat="-35.57859" lon="148.27322"><ele>482</ele></trkpt>
<trkpt lat="-35.57949" lon="148.27409"><ele>472</ele></trkpt>
<trkpt lat="-35.58013" lon="148.27449"><ele>464</ele></trkpt>
<trkpt lat="-35.58049" lon="148.27485"><ele>460</ele></trkpt>
<trkpt lat="-35.58065" lon="148.27532"><ele>458</ele></trkpt>
<trkpt lat="-35.58074" lon="148.27581"><ele>458</ele></trkpt>
<trkpt lat="-35.58113" lon="148.27622"><ele>454</ele></trkpt>
<trkpt lat="-35.58131" lon="148.27664"><ele>451</ele></trkpt>
<trkpt lat="-35.5812" lon="148.27698"><ele>449</ele></trkpt>
<trkpt lat="-35.58145" lon="148.27769"><ele>439</ele></trkpt>
<trkpt lat="-35.58157" lon="148.27791"><ele>436</ele></trkpt>
<trkpt lat="-35.58176" lon="148.2779"><ele>434</ele></trkpt>
<trkpt lat="-35.58172" lon="148.27813"><ele>432</ele></trkpt>
<trkpt lat="-35.58207" lon="148.2784"><ele>427</ele></trkpt>
<trkpt lat="-35.58223" lon="148.27843"><ele>425</ele></trkpt>
<trkpt lat="-35.5825" lon="148.27911"><ele>419</ele></trkpt>
<trkpt lat="-35.58262" lon="148.27908"><ele>420</ele></trkpt>
<trkpt lat="-35.58262" lon="148.27915"><ele>420</ele></trkpt>
<trkpt lat="-35.58276" lon="148.2791"><ele>421</ele></trkpt>
<trkpt lat="-35.58317" lon="148.27921"><ele>422</ele></trkpt>
<trkpt lat="-35.58344" lon="148.27943"><ele>420</ele></trkpt>
<trkpt lat="-35.58366" lon="148.27982"><ele>417</ele></trkpt>
<trkpt lat="-35.58403" lon="148.2803"><ele>414</ele></trkpt>
<trkpt lat="-35.58427" lon="148.28051"><ele>413</ele></trkpt>
<trkpt lat="-35.58513" lon="148.281"><ele>417</ele></trkpt>
<trkpt lat="-35.58533" lon="148.28096"><ele>415</ele></trkpt>
<trkpt lat="-35.58552" lon="148.28034"><ele>419</ele></trkpt>
<trkpt lat="-35.58568" lon="148.28012"><ele>419</ele></trkpt>
<trkpt lat="-35.5862" lon="148.27974"><ele>412</ele></trkpt>
<trkpt lat="-35.58642" lon="148.27941"><ele>409</ele></trkpt>
<trkpt lat="-35.58665" lon="148.27838"><ele>409</ele></trkpt>
<trkpt lat="-35.58683" lon="148.27857"><ele>406</ele></trkpt>
<trkpt lat="-35.58707" lon="148.27816"><ele>408</ele></trkpt>
<trkpt lat="-35.58728" lon="148.27817"><ele>406</ele></trkpt>
<trkpt lat="-35.58741" lon="148.27842"><ele>402</ele></trkpt>
<trkpt lat="-35.5875" lon="148.27908"><ele>397</ele></trkpt>
<trkpt lat="-35.5878" lon="148.27967"><ele>394</ele></trkpt>
<trkpt lat="-35.58794" lon="148.27977"><ele>393</ele></trkpt>
<trkpt lat="-35.58824" lon="148.27987"><ele>392</ele></trkpt>
<trkpt lat="-35.58867" lon="148.28009"><ele>392</ele></trkpt>
<trkpt lat="-35.58897" lon="148.28033"><ele>391</ele></trkpt>
<trkpt lat="-35.58967" lon="148.28041"><ele>393</ele></trkpt>
<trkpt lat="-35.59003" lon="148.28039"><ele>394</ele></trkpt>
<trkpt lat="-35.59043" lon="148.28025"><ele>392</ele></trkpt>
<trkpt lat="-35.59104" lon="148.27933"><ele>396</ele></trkpt>
<trkpt lat="-35.59116" lon="148.27901"><ele>398</ele></trkpt>
<trkpt lat="-35.59109" lon="148.27845"><ele>400</ele></trkpt>
<trkpt lat="-35.59114" lon="148.27812"><ele>401</ele></trkpt>
<trkpt lat="-35.59131" lon="148.27788"><ele>402</ele></trkpt>
<trkpt lat="-35.59156" lon="148.2781"><ele>401</ele></trkpt>
<trkpt lat="-35.5918" lon="148.27942"><ele>398</ele></trkpt>
<trkpt lat="-35.59183" lon="148.28001"><ele>393</ele></trkpt>
<trkpt lat="-35.59211" lon="148.28073"><ele>390</ele></trkpt>
<trkpt lat="-35.59226" lon="148.28073"><ele>391</ele></trkpt>
<trkpt lat="-35.59253" lon="148.28058"><ele>392</ele></trkpt>
<trkpt lat="-35.59287" lon="148.28059"><ele>392</ele></trkpt>
<trkpt lat="-35.59347" lon="148.28039"><ele>393</ele></trkpt>
<trkpt lat="-35.5939" lon="148.27995"><ele>393</ele></trkpt>
<trkpt lat="-35.59391" lon="148.27946"><ele>393</ele></trkpt>
<trkpt lat="-35.59443" lon="148.27916"><ele>391</ele></trkpt>
<trkpt lat="-35.59522" lon="148.27911"><ele>390</ele></trkpt>
<trkpt lat="-35.59622" lon="148.27874"><ele>391</ele></trkpt>
<trkpt lat="-35.59619" lon="148.2783"><ele>394</ele></trkpt>
<trkpt lat="-35.59622" lon="148.27813"><ele>396</ele></trkpt>
<trkpt lat="-35.59637" lon="148.27794"><ele>397</ele></trkpt>
<trkpt lat="-35.59641" lon="148.27777"><ele>399</ele></trkpt>
<trkpt lat="-35.59657" lon="148.27758"><ele>402</ele></trkpt>
<trkpt lat="-35.59712" lon="148.27801"><ele>398</ele></trkpt>
<trkpt lat="-35.59745" lon="148.27813"><ele>397</ele></trkpt>
<trkpt lat="-35.59775" lon="148.27813"><ele>395</ele></trkpt>
<trkpt lat="-35.59793" lon="148.27778"><ele>401</ele></trkpt>
<trkpt lat="-35.59801" lon="148.27746"><ele>406</ele></trkpt>
<trkpt lat="-35.59809" lon="148.27738"><ele>406</ele></trkpt>
<trkpt lat="-35.59832" lon="148.2779"><ele>395</ele></trkpt>
<trkpt lat="-35.59848" lon="148.27802"><ele>393</ele></trkpt>
<trkpt lat="-35.59893" lon="148.27805"><ele>393</ele></trkpt>
<trkpt lat="-35.59922" lon="148.27763"><ele>401</ele></trkpt>
<trkpt lat="-35.59953" lon="148.27771"><ele>397</ele></trkpt>
<trkpt lat="-35.59975" lon="148.27783"><ele>394</ele></trkpt>
<trkpt lat="-35.60025" lon="148.27757"><ele>396</ele></trkpt>
<trkpt lat="-35.60056" lon="148.27714"><ele>401</ele></trkpt>
<trkpt lat="-35.60066" lon="148.27686"><ele>404</ele></trkpt>
<trkpt lat="-35.60083" lon="148.27673"><ele>403</ele></trkpt>
<trkpt lat="-35.60101" lon="148.27668"><ele>404</ele></trkpt>
<trkpt lat="-35.60111" lon="148.27702"><ele>402</ele></trkpt>
<trkpt lat="-35.60107" lon="148.27771"><ele>395</ele></trkpt>
<trkpt lat="-35.60113" lon="148.2779"><ele>392</ele></trkpt>
<trkpt lat="-35.60146" lon="148.27806"><ele>391</ele></trkpt>
<trkpt lat="-35.60229" lon="148.27828"><ele>391</ele></trkpt>
<trkpt lat="-35.60254" lon="148.27842"><ele>390</ele></trkpt>
<trkpt lat="-35.60351" lon="148.27811"><ele>396</ele></trkpt>
<trkpt lat="-35.60404" lon="148.27776"><ele>401</ele></trkpt>
<trkpt lat="-35.60425" lon="148.27768"><ele>402</ele></trkpt>
<trkpt lat="-35.60464" lon="148.27712"><ele>405</ele></trkpt>
<trkpt lat="-35.60491" lon="148.27653"><ele>407</ele></trkpt>
<trkpt lat="-35.60501" lon="148.2765"><ele>407</ele></trkpt>
<trkpt lat="-35.60527" lon="148.27594"><ele>413</ele></trkpt>
<trkpt lat="-35.60542" lon="148.27589"><ele>414</ele></trkpt>
<trkpt lat="-35.60593" lon="148.27588"><ele>417</ele></trkpt>
<trkpt lat="-35.60626" lon="148.27573"><ele>419</ele></trkpt>
<trkpt lat="-35.60748" lon="148.27452"><ele>427</ele></trkpt>
<trkpt lat="-35.60748" lon="148.27406"><ele>433</ele></trkpt>
<trkpt lat="-35.60755" lon="148.27388"><ele>434</ele></trkpt>
<trkpt lat="-35.6078" lon="148.27353"><ele>438</ele></trkpt>
<trkpt lat="-35.60804" lon="148.2729"><ele>447</ele></trkpt>
<trkpt lat="-35.60861" lon="148.2722"><ele>457</ele></trkpt>
<trkpt lat="-35.60875" lon="148.27182"><ele>463</ele></trkpt>
<trkpt lat="-35.60888" lon="148.27168"><ele>466</ele></trkpt>
<trkpt lat="-35.60902" lon="148.27174"><ele>465</ele></trkpt>
<trkpt lat="-35.6095" lon="148.27163"><ele>470</ele></trkpt>
<trkpt lat="-35.61022" lon="148.27163"><ele>475</ele></trkpt>
<trkpt lat="-35.61059" lon="148.27139"><ele>478</ele></trkpt>
<trkpt lat="-35.61092" lon="148.27107"><ele>482</ele></trkpt>
<trkpt lat="-35.61127" lon="148.27098"><ele>485</ele></trkpt>
<trkpt lat="-35.61145" lon="148.2707"><ele>488</ele></trkpt>
<trkpt lat="-35.61158" lon="148.27115"><ele>485</ele></trkpt>
<trkpt lat="-35.61185" lon="148.27166"><ele>480</ele></trkpt>
<trkpt lat="-35.61229" lon="148.27177"><ele>479</ele></trkpt>
<trkpt lat="-35.61271" lon="148.27162"><ele>483</ele></trkpt>
<trkpt lat="-35.61306" lon="148.27163"><ele>485</ele></trkpt>
<trkpt lat="-35.61365" lon="148.27176"><ele>487</ele></trkpt>
<trkpt lat="-35.61455" lon="148.27177"><ele>496</ele></trkpt>
<trkpt lat="-35.61498" lon="148.27125"><ele>508</ele></trkpt>
<trkpt lat="-35.61531" lon="148.27103"><ele>513</ele></trkpt>
<trkpt lat="-35.61651" lon="148.27076"><ele>522</ele></trkpt>
<trkpt lat="-35.61706" lon="148.27038"><ele>530</ele></trkpt>
<trkpt lat="-35.61803" lon="148.26953"><ele>542</ele></trkpt>
<trkpt lat="-35.61886" lon="148.26946"><ele>555</ele></trkpt>
<trkpt lat="-35.61896" lon="148.26974"><ele>553</ele></trkpt>
<trkpt lat="-35.61899" lon="148.2702"><ele>544</ele></trkpt>
<trkpt lat="-35.61927" lon="148.27053"><ele>544</ele></trkpt>
<trkpt lat="-35.61967" lon="148.27076"><ele>548</ele></trkpt>
<trkpt lat="-35.61987" lon="148.27069"><ele>556</ele></trkpt>
<trkpt lat="-35.62043" lon="148.27077"><ele>556</ele></trkpt>
<trkpt lat="-35.6208" lon="148.27074"><ele>556</ele></trkpt>
<trkpt lat="-35.62104" lon="148.27053"><ele>553</ele></trkpt>
<trkpt lat="-35.62128" lon="148.27021"><ele>548</ele></trkpt>
<trkpt lat="-35.62109" lon="148.26957"><ele>561</ele></trkpt>
<trkpt lat="-35.62103" lon="148.26898"><ele>566</ele></trkpt>
<trkpt lat="-35.62088" lon="148.26858"><ele>576</ele></trkpt>
<trkpt lat="-35.62095" lon="148.26802"><ele>584</ele></trkpt>
<trkpt lat="-35.6212" lon="148.26738"><ele>591</ele></trkpt>
<trkpt lat="-35.62161" lon="148.26702"><ele>581</ele></trkpt>
<trkpt lat="-35.62181" lon="148.26649"><ele>583</ele></trkpt>
<trkpt lat="-35.62169" lon="148.26566"><ele>603</ele></trkpt>
<trkpt lat="-35.62171" lon="148.26531"><ele>613</ele></trkpt>
<trkpt lat="-35.62184" lon="148.26508"><ele>614</ele></trkpt>
<trkpt lat="-35.62223" lon="148.26471"><ele>608</ele></trkpt>
<trkpt lat="-35.62245" lon="148.26443"><ele>608</ele></trkpt>
<trkpt lat="-35.62255" lon="148.26417"><ele>612</ele></trkpt>
<trkpt lat="-35.62281" lon="148.26374"><ele>611</ele></trkpt>
<trkpt lat="-35.62287" lon="148.26348"><ele>614</ele></trkpt>
<trkpt lat="-35.62311" lon="148.26334"><ele>606</ele></trkpt>
<trkpt lat="-35.62315" lon="148.2632"><ele>607</ele></trkpt>
<trkpt lat="-35.62313" lon="148.26272"><ele>617</ele></trkpt>
<trkpt lat="-35.6232" lon="148.26245"><ele>620</ele></trkpt>
<trkpt lat="-35.62345" lon="148.26169"><ele>639</ele></trkpt>
<trkpt lat="-35.6236" lon="148.26144"><ele>648</ele></trkpt>
<trkpt lat="-35.62374" lon="148.26141"><ele>646</ele></trkpt>
<trkpt lat="-35.62401" lon="148.26143"><ele>639</ele></trkpt>
<trkpt lat="-35.62416" lon="148.26127"><ele>643</ele></trkpt>
<trkpt lat="-35.62442" lon="148.26077"><ele>666</ele></trkpt>
<trkpt lat="-35.62464" lon="148.2606"><ele>672</ele></trkpt>
<trkpt lat="-35.62529" lon="148.26075"><ele>651</ele></trkpt>
<trkpt lat="-35.62551" lon="148.26067"><ele>648</ele></trkpt>
<trkpt lat="-35.62604" lon="148.26018"><ele>653</ele></trkpt>
<trkpt lat="-35.62628" lon="148.25958"><ele>674</ele></trkpt>
<trkpt lat="-35.62656" lon="148.25953"><ele>670</ele></trkpt>
<trkpt lat="-35.62678" lon="148.25938"><ele>672</ele></trkpt>
<trkpt lat="-35.62715" lon="148.25943"><ele>660</ele></trkpt>
<trkpt lat="-35.62744" lon="148.25924"><ele>662</ele></trkpt>
<trkpt lat="-35.62765" lon="148.25875"><ele>681</ele></trkpt>
<trkpt lat="-35.62777" lon="148.25861"><ele>686</ele></trkpt>
<trkpt lat="-35.6283" lon="148.25844"><ele>686</ele></trkpt>
<trkpt lat="-35.62901" lon="148.25839"><ele>686</ele></trkpt>
<trkpt lat="-35.62945" lon="148.25823"><ele>696</ele></trkpt>
<trkpt lat="-35.62959" lon="148.25826"><ele>697</ele></trkpt>
<trkpt lat="-35.62996" lon="148.25863"><ele>692</ele></trkpt>
<trkpt lat="-35.63004" lon="148.25894"><ele>685</ele></trkpt>
<trkpt lat="-35.6303" lon="148.25929"><ele>686</ele></trkpt>
<trkpt lat="-35.63033" lon="148.2596"><ele>680</ele></trkpt>
<trkpt lat="-35.63046" lon="148.25968"><ele>682</ele></trkpt>
<trkpt lat="-35.63067" lon="148.25968"><ele>690</ele></trkpt>
<trkpt lat="-35.6314" lon="148.25982"><ele>702</ele></trkpt>
<trkpt lat="-35.63239" lon="148.25994"><ele>699</ele></trkpt>
<trkpt lat="-35.63286" lon="148.25946"><ele>703</ele></trkpt>
<trkpt lat="-35.63303" lon="148.25908"><ele>714</ele></trkpt>
<trkpt lat="-35.63332" lon="148.25878"><ele>720</ele></trkpt>
<trkpt lat="-35.6335" lon="148.25883"><ele>716</ele></trkpt>
<trkpt lat="-35.63385" lon="148.25881"><ele>715</ele></trkpt>
<trkpt lat="-35.63427" lon="148.25852"><ele>725</ele></trkpt>
<trkpt lat="-35.63432" lon="148.25859"><ele>725</ele></trkpt>
<trkpt lat="-35.63438" lon="148.25858"><ele>727</ele></trkpt>
<trkpt lat="-35.63447" lon="148.25872"><ele>726</ele></trkpt>
<trkpt lat="-35.63447" lon="148.25908"><ele>715</ele></trkpt>
<trkpt lat="-35.63468" lon="148.25988"><ele>697</ele></trkpt>
<trkpt lat="-35.63505" lon="148.26017"><ele>699</ele></trkpt>
<trkpt lat="-35.63542" lon="148.2602"><ele>697</ele></trkpt>
<trkpt lat="-35.63623" lon="148.26043"><ele>675</ele></trkpt>
<trkpt lat="-35.63704" lon="148.25933"><ele>688</ele></trkpt>
<trkpt lat="-35.63717" lon="148.25848"><ele>695</ele></trkpt>
<trkpt lat="-35.63734" lon="148.25817"><ele>691</ele></trkpt>
<trkpt lat="-35.63752" lon="148.258"><ele>687</ele></trkpt>
<trkpt lat="-35.63765" lon="148.25763"><ele>698</ele></trkpt>
<trkpt lat="-35.63777" lon="148.25763"><ele>700</ele></trkpt>
<trkpt lat="-35.63782" lon="148.2577"><ele>700</ele></trkpt>
<trkpt lat="-35.63786" lon="148.25794"><ele>699</ele></trkpt>
<trkpt lat="-35.63784" lon="148.25831"><ele>696</ele></trkpt>
<trkpt lat="-35.63767" lon="148.25885"><ele>684</ele></trkpt>
<trkpt lat="-35.63766" lon="148.2593"><ele>680</ele></trkpt>
<trkpt lat="-35.6377" lon="148.25953"><ele>680</ele></trkpt>
<trkpt lat="-35.63769" lon="148.259"><ele>685</ele></trkpt>
<trkpt lat="-35.63777" lon="148.25884"><ele>690</ele></trkpt>
<trkpt lat="-35.63808" lon="148.25836"><ele>708</ele></trkpt>
<trkpt lat="-35.63824" lon="148.25803"><ele>712</ele></trkpt>
<trkpt lat="-35.63845" lon="148.25786"><ele>718</ele></trkpt>
<trkpt lat="-35.63867" lon="148.25758"><ele>725</ele></trkpt>
<trkpt lat="-35.63883" lon="148.25725"><ele>728</ele></trkpt>
<trkpt lat="-35.63923" lon="148.25683"><ele>733</ele></trkpt>
<trkpt lat="-35.63945" lon="148.2567"><ele>742</ele></trkpt>
<trkpt lat="-35.63975" lon="148.25643"><ele>753</ele></trkpt>
<trkpt lat="-35.64015" lon="148.25627"><ele>771</ele></trkpt>
<trkpt lat="-35.64041" lon="148.25627"><ele>784</ele></trkpt>
<trkpt lat="-35.64047" lon="148.25623"><ele>786</ele></trkpt>
<trkpt lat="-35.64061" lon="148.25627"><ele>794</ele></trkpt>
<trkpt lat="-35.64073" lon="148.25618"><ele>799</ele></trkpt>
<trkpt lat="-35.64059" lon="148.25578"><ele>787</ele></trkpt>
<trkpt lat="-35.64037" lon="148.25538"><ele>775</ele></trkpt>
<trkpt lat="-35.64034" lon="148.25516"><ele>773</ele></trkpt>
<trkpt lat="-35.64052" lon="148.25497"><ele>783</ele></trkpt>
<trkpt lat="-35.64071" lon="148.25485"><ele>792</ele></trkpt>
<trkpt lat="-35.64126" lon="148.25475"><ele>818</ele></trkpt>
<trkpt lat="-35.64141" lon="148.25461"><ele>825</ele></trkpt>
<trkpt lat="-35.64121" lon="148.25461"><ele>815</ele></trkpt>
<trkpt lat="-35.64096" lon="148.25413"><ele>803</ele></trkpt>
<trkpt lat="-35.64101" lon="148.25394"><ele>806</ele></trkpt>
<trkpt lat="-35.64125" lon="148.25364"><ele>821</ele></trkpt>
<trkpt lat="-35.64147" lon="148.25296"><ele>842</ele></trkpt>
<trkpt lat="-35.64147" lon="148.25281"><ele>844</ele></trkpt>
<trkpt lat="-35.64134" lon="148.25254"><ele>841</ele></trkpt>
<trkpt lat="-35.64133" lon="148.2519"><ele>862</ele></trkpt>
<trkpt lat="-35.64127" lon="148.25168"><ele>867</ele></trkpt>
<trkpt lat="-35.64109" lon="148.25151"><ele>868</ele></trkpt>
<trkpt lat="-35.64088" lon="148.25145"><ele>863</ele></trkpt>
<trkpt lat="-35.64049" lon="148.25107"><ele>874</ele></trkpt>
<trkpt lat="-35.64016" lon="148.25109"><ele>864</ele></trkpt>
<trkpt lat="-35.63983" lon="148.25121"><ele>846</ele></trkpt>
<trkpt lat="-35.63974" lon="148.25104"><ele>848</ele></trkpt>
<trkpt lat="-35.63971" lon="148.25075"><ele>854</ele></trkpt>
<trkpt lat="-35.63978" lon="148.25053"><ele>857</ele></trkpt>
<trkpt lat="-35.63992" lon="148.25035"><ele>865</ele></trkpt>
<trkpt lat="-35.64069" lon="148.24958"><ele>918</ele></trkpt>
<trkpt lat="-35.6407" lon="148.24923"><ele>923</ele></trkpt>
<trkpt lat="-35.64081" lon="148.24904"><ele>933</ele></trkpt>
<trkpt lat="-35.64065" lon="148.24853"><ele>933</ele></trkpt>
<trkpt lat="-35.64071" lon="148.24788"><ele>945</ele></trkpt>
<trkpt lat="-35.6409" lon="148.24756"><ele>953</ele></trkpt>
<trkpt lat="-35.64093" lon="148.24736"><ele>955</ele></trkpt>
<trkpt lat="-35.64074" lon="148.24701"><ele>954</ele></trkpt>
<trkpt lat="-35.64142" lon="148.24703"><ele>970</ele></trkpt>
<trkpt lat="-35.64155" lon="148.24698"><ele>973</ele></trkpt>
<trkpt lat="-35.64232" lon="148.24601"><ele>968</ele></trkpt>
<trkpt lat="-35.64254" lon="148.24591"><ele>966</ele></trkpt>
<trkpt lat="-35.64276" lon="148.24572"><ele>968</ele></trkpt>
<trkpt lat="-35.6429" lon="148.24541"><ele>969</ele></trkpt>
<trkpt lat="-35.64286" lon="148.24525"><ele>970</ele></trkpt>
<trkpt lat="-35.64288" lon="148.24493"><ele>971</ele></trkpt>
<trkpt lat="-35.64297" lon="148.24471"><ele>972</ele></trkpt>
<trkpt lat="-35.64297" lon="148.2442"><ele>977</ele></trkpt>
<trkpt lat="-35.64305" lon="148.24396"><ele>976</ele></trkpt>
<trkpt lat="-35.64268" lon="148.2434"><ele>986</ele></trkpt>
<trkpt lat="-35.64261" lon="148.24321"><ele>988</ele></trkpt>
<trkpt lat="-35.64269" lon="148.24269"><ele>989</ele></trkpt>
<trkpt lat="-35.64277" lon="148.24247"><ele>989</ele></trkpt>
<trkpt lat="-35.64269" lon="148.24222"><ele>991</ele></trkpt>
<trkpt lat="-35.64231" lon="148.24187"><ele>995</ele></trkpt>
<trkpt lat="-35.6418" lon="148.24113"><ele>998</ele></trkpt>
<trkpt lat="-35.64125" lon="148.24117"><ele>1008</ele></trkpt>
<trkpt lat="-35.64099" lon="148.24103"><ele>1012</ele></trkpt>
<trkpt lat="-35.64071" lon="148.24073"><ele>1017</ele></trkpt>
<trkpt lat="-35.64052" lon="148.24032"><ele>1025</ele></trkpt>
<trkpt lat="-35.64082" lon="148.23939"><ele>1025</ele></trkpt>
<trkpt lat="-35.64115" lon="148.23812"><ele>1030</ele></trkpt>
<trkpt lat="-35.64119" lon="148.23772"><ele>1029</ele></trkpt>
<trkpt lat="-35.64106" lon="148.23732"><ele>1030</ele></trkpt>
<trkpt lat="-35.64088" lon="148.23703"><ele>1030</ele></trkpt>
<trkpt lat="-35.64073" lon="148.23691"><ele>1030</ele></trkpt>
<trkpt lat="-35.64045" lon="148.23688"><ele>1035</ele></trkpt>
<trkpt lat="-35.63996" lon="148.23663"><ele>1038</ele></trkpt>
<trkpt lat="-35.63907" lon="148.23583"><ele>1031</ele></trkpt>
<trkpt lat="-35.63894" lon="148.23565"><ele>1034</ele></trkpt>
<trkpt lat="-35.63898" lon="148.23534"><ele>1034</ele></trkpt>
<trkpt lat="-35.63906" lon="148.23522"><ele>1034</ele></trkpt>
<trkpt lat="-35.6392" lon="148.23512"><ele>1034</ele></trkpt>
<trkpt lat="-35.63958" lon="148.23506"><ele>1029</ele></trkpt>
<trkpt lat="-35.63971" lon="148.23493"><ele>1027</ele></trkpt>
<trkpt lat="-35.63978" lon="148.23463"><ele>1027</ele></trkpt>
<trkpt lat="-35.63956" lon="148.23451"><ele>1032</ele></trkpt>
<trkpt lat="-35.63934" lon="148.23432"><ele>1038</ele></trkpt>
<trkpt lat="-35.63919" lon="148.23403"><ele>1044</ele></trkpt>
<trkpt lat="-35.63917" lon="148.23358"><ele>1047</ele></trkpt>
<trkpt lat="-35.63943" lon="148.23282"><ele>1051</ele></trkpt>
<trkpt lat="-35.63968" lon="148.2323"><ele>1053</ele></trkpt>
<trkpt lat="-35.64015" lon="148.23149"><ele>1051</ele></trkpt>
<trkpt lat="-35.64024" lon="148.23056"><ele>1050</ele></trkpt>
<trkpt lat="-35.64052" lon="148.23013"><ele>1046</ele></trkpt>
<trkpt lat="-35.64071" lon="148.22973"><ele>1042</ele></trkpt>
<trkpt lat="-35.64071" lon="148.2293"><ele>1041</ele></trkpt>
<trkpt lat="-35.64025" lon="148.22856"><ele>1047</ele></trkpt>
<trkpt lat="-35.64015" lon="148.22819"><ele>1049</ele></trkpt>
<trkpt lat="-35.64012" lon="148.22769"><ele>1053</ele></trkpt>
<trkpt lat="-35.64017" lon="148.2272"><ele>1055</ele></trkpt>
<trkpt lat="-35.64026" lon="148.22689"><ele>1054</ele></trkpt>
<trkpt lat="-35.64011" lon="148.22634"><ele>1056</ele></trkpt>
<trkpt lat="-35.63951" lon="148.22542"><ele>1064</ele></trkpt>
<trkpt lat="-35.63931" lon="148.22488"><ele>1063</ele></trkpt>
<trkpt lat="-35.63927" lon="148.22433"><ele>1064</ele></trkpt>
<trkpt lat="-35.63936" lon="148.22318"><ele>1066</ele></trkpt>
<trkpt lat="-35.63959" lon="148.22273"><ele>1073</ele></trkpt>
<trkpt lat="-35.63995" lon="148.22243"><ele>1072</ele></trkpt>
<trkpt lat="-35.64027" lon="148.22229"><ele>1070</ele></trkpt>
<trkpt lat="-35.64087" lon="148.2218"><ele>1069</ele></trkpt>
<trkpt lat="-35.64252" lon="148.21983"><ele>1073</ele></trkpt>
<trkpt lat="-35.64274" lon="148.21962"><ele>1072</ele></trkpt>
<trkpt lat="-35.64308" lon="148.21941"><ele>1070</ele></trkpt>
<trkpt lat="-35.64338" lon="148.21929"><ele>1068</ele></trkpt>
<trkpt lat="-35.6435" lon="148.21939"><ele>1066</ele></trkpt>
<trkpt lat="-35.64349" lon="148.21953"><ele>1063</ele></trkpt>
<trkpt lat="-35.64341" lon="148.21964"><ele>1062</ele></trkpt>
<trkpt lat="-35.64337" lon="148.22011"><ele>1056</ele></trkpt>
<trkpt lat="-35.64387" lon="148.22007"><ele>1057</ele></trkpt>
<trkpt lat="-35.64416" lon="148.22018"><ele>1059</ele></trkpt>
<trkpt lat="-35.64435" lon="148.22037"><ele>1062</ele></trkpt>
<trkpt lat="-35.64459" lon="148.22043"><ele>1064</ele></trkpt>
<trkpt lat="-35.64516" lon="148.22036"><ele>1069</ele></trkpt>
<trkpt lat="-35.64618" lon="148.21993"><ele>1072</ele></trkpt>
<trkpt lat="-35.64664" lon="148.21983"><ele>1073</ele></trkpt>
<trkpt lat="-35.64743" lon="148.21956"><ele>1073</ele></trkpt>
<trkpt lat="-35.64794" lon="148.21958"><ele>1074</ele></trkpt>
<trkpt lat="-35.6484" lon="148.2193"><ele>1069</ele></trkpt>
<trkpt lat="-35.64871" lon="148.21882"><ele>1067</ele></trkpt>
<trkpt lat="-35.64887" lon="148.21848"><ele>1067</ele></trkpt>
<trkpt lat="-35.6496" lon="148.21843"><ele>1072</ele></trkpt>
<trkpt lat="-35.6499" lon="148.2183"><ele>1073</ele></trkpt>
<trkpt lat="-35.65017" lon="148.21837"><ele>1076</ele></trkpt>
<trkpt lat="-35.65035" lon="148.21835"><ele>1076</ele></trkpt>
<trkpt lat="-35.65072" lon="148.21807"><ele>1074</ele></trkpt>
<trkpt lat="-35.65107" lon="148.21759"><ele>1068</ele></trkpt>
<trkpt lat="-35.65127" lon="148.21739"><ele>1067</ele></trkpt>
<trkpt lat="-35.65163" lon="148.21736"><ele>1067</ele></trkpt>
<trkpt lat="-35.6521" lon="148.21739"><ele>1074</ele></trkpt>
<trkpt lat="-35.6537" lon="148.21663"><ele>1079</ele></trkpt>
<trkpt lat="-35.65391" lon="148.21631"><ele>1078</ele></trkpt>
<trkpt lat="-35.65408" lon="148.21622"><ele>1078</ele></trkpt>
<trkpt lat="-35.65424" lon="148.21573"><ele>1074</ele></trkpt>
<trkpt lat="-35.65422" lon="148.21524"><ele>1076</ele></trkpt>
<trkpt lat="-35.65432" lon="148.2149"><ele>1077</ele></trkpt>
<trkpt lat="-35.65454" lon="148.21473"><ele>1078</ele></trkpt>
<trkpt lat="-35.65473" lon="148.21446"><ele>1079</ele></trkpt>
<trkpt lat="-35.65479" lon="148.21418"><ele>1081</ele></trkpt>
<trkpt lat="-35.65515" lon="148.21404"><ele>1081</ele></trkpt>
<trkpt lat="-35.65578" lon="148.21431"><ele>1075</ele></trkpt>
<trkpt lat="-35.65614" lon="148.21414"><ele>1074</ele></trkpt>
<trkpt lat="-35.65642" lon="148.2139"><ele>1075</ele></trkpt>
<trkpt lat="-35.65726" lon="148.21374"><ele>1072</ele></trkpt>
<trkpt lat="-35.65777" lon="148.21331"><ele>1073</ele></trkpt>
<trkpt lat="-35.65859" lon="148.2138"><ele>1072</ele></trkpt>
<trkpt lat="-35.65887" lon="148.21373"><ele>1072</ele></trkpt>
<trkpt lat="-35.65931" lon="148.21375"><ele>1072</ele></trkpt>
<trkpt lat="-35.66005" lon="148.21391"><ele>1069</ele></trkpt>
<trkpt lat="-35.66037" lon="148.21371"><ele>1072</ele></trkpt>
<trkpt lat="-35.66073" lon="148.21361"><ele>1072</ele></trkpt>
<trkpt lat="-35.66089" lon="148.21335"><ele>1074</ele></trkpt>
<trkpt lat="-35.66121" lon="148.21332"><ele>1074</ele></trkpt>
<trkpt lat="-35.6617" lon="148.21336"><ele>1074</ele></trkpt>
<trkpt lat="-35.66264" lon="148.213"><ele>1073</ele></trkpt>
<trkpt lat="-35.66324" lon="148.21229"><ele>1075</ele></trkpt>
<trkpt lat="-35.66365" lon="148.21195"><ele>1076</ele></trkpt>
<trkpt lat="-35.66386" lon="148.21088"><ele>1081</ele></trkpt>
<trkpt lat="-35.66408" lon="148.21053"><ele>1079</ele></trkpt>
<trkpt lat="-35.66498" lon="148.21059"><ele>1094</ele></trkpt>
<trkpt lat="-35.66558" lon="148.21039"><ele>1099</ele></trkpt>
<trkpt lat="-35.66607" lon="148.21036"><ele>1105</ele></trkpt>
<trkpt lat="-35.66779" lon="148.21051"><ele>1127</ele></trkpt>
<trkpt lat="-35.66851" lon="148.21033"><ele>1138</ele></trkpt>
<trkpt lat="-35.66945" lon="148.20975"><ele>1146</ele></trkpt>
<trkpt lat="-35.67094" lon="148.20833"><ele>1176</ele></trkpt>
<trkpt lat="-35.6726" lon="148.20694"><ele>1202</ele></trkpt>
<trkpt lat="-35.67321" lon="148.20677"><ele>1210</ele></trkpt>
<trkpt lat="-35.67425" lon="148.20667"><ele>1217</ele></trkpt>
<trkpt lat="-35.67445" lon="148.20653"><ele>1216</ele></trkpt>
<trkpt lat="-35.67471" lon="148.20613"><ele>1218</ele></trkpt>
<trkpt lat="-35.67537" lon="148.2057"><ele>1220</ele></trkpt>
<trkpt lat="-35.67565" lon="148.20497"><ele>1222</ele></trkpt>
<trkpt lat="-35.67578" lon="148.20449"><ele>1227</ele></trkpt>
<trkpt lat="-35.67576" lon="148.20361"><ele>1237</ele></trkpt>
<trkpt lat="-35.67562" lon="148.20336"><ele>1239</ele></trkpt>
<trkpt lat="-35.6754" lon="148.20271"><ele>1239</ele></trkpt>
<trkpt lat="-35.67551" lon="148.20239"><ele>1240</ele></trkpt>
<trkpt lat="-35.67581" lon="148.2021"><ele>1240</ele></trkpt>
<trkpt lat="-35.67652" lon="148.20188"><ele>1241</ele></trkpt>
<trkpt lat="-35.67706" lon="148.20154"><ele>1241</ele></trkpt>
<trkpt lat="-35.67752" lon="148.20108"><ele>1240</ele></trkpt>
<trkpt lat="-35.67814" lon="148.19979"><ele>1242</ele></trkpt>
<trkpt lat="-35.67815" lon="148.19925"><ele>1242</ele></trkpt>
<trkpt lat="-35.67875" lon="148.1982"><ele>1246</ele></trkpt>
<trkpt lat="-35.67922" lon="148.19754"><ele>1249</ele></trkpt>
<trkpt lat="-35.67954" lon="148.1973"><ele>1249</ele></trkpt>
<trkpt lat="-35.68016" lon="148.19706"><ele>1251</ele></trkpt>
<trkpt lat="-35.68055" lon="148.19698"><ele>1250</ele></trkpt>
<trkpt lat="-35.68091" lon="148.1967"><ele>1247</ele></trkpt>
<trkpt lat="-35.68137" lon="148.19602"><ele>1248</ele></trkpt>
<trkpt lat="-35.68225" lon="148.19531"><ele>1244</ele></trkpt>
<trkpt lat="-35.68249" lon="148.19496"><ele>1244</ele></trkpt>
<trkpt lat="-35.68288" lon="148.19456"><ele>1241</ele></trkpt>
<trkpt lat="-35.68299" lon="148.19432"><ele>1241</ele></trkpt>
<trkpt lat="-35.68314" lon="148.19419"><ele>1241</ele></trkpt>
<trkpt lat="-35.68391" lon="148.19384"><ele>1237</ele></trkpt>
<trkpt lat="-35.68476" lon="148.19382"><ele>1233</ele></trkpt>
<trkpt lat="-35.68514" lon="148.19413"><ele>1233</ele></trkpt>
<trkpt lat="-35.6854" lon="148.19421"><ele>1234</ele></trkpt>
<trkpt lat="-35.68602" lon="148.19407"><ele>1233</ele></trkpt>
<trkpt lat="-35.68652" lon="148.19415"><ele>1232</ele></trkpt>
<trkpt lat="-35.68677" lon="148.19425"><ele>1232</ele></trkpt>
<trkpt lat="-35.68729" lon="148.19402"><ele>1233</ele></trkpt>
<trkpt lat="-35.68812" lon="148.19354"><ele>1237</ele></trkpt>
<trkpt lat="-35.68841" lon="148.1933"><ele>1237</ele></trkpt>
<trkpt lat="-35.68878" lon="148.19334"><ele>1238</ele></trkpt>
<trkpt lat="-35.68903" lon="148.19344"><ele>1239</ele></trkpt>
<trkpt lat="-35.68938" lon="148.19339"><ele>1240</ele></trkpt>
<trkpt lat="-35.68983" lon="148.19312"><ele>1241</ele></trkpt>
<trkpt lat="-35.69032" lon="148.19294"><ele>1238</ele></trkpt>
<trkpt lat="-35.69094" lon="148.19279"><ele>1234</ele></trkpt>
<trkpt lat="-35.69115" lon="148.19251"><ele>1231</ele></trkpt>
<trkpt lat="-35.69133" lon="148.19205"><ele>1225</ele></trkpt>
<trkpt lat="-35.69144" lon="148.19153"><ele>1224</ele></trkpt>
<trkpt lat="-35.69172" lon="148.19124"><ele>1226</ele></trkpt>
<trkpt lat="-35.69188" lon="148.1907"><ele>1230</ele></trkpt>
<trkpt lat="-35.69172" lon="148.19035"><ele>1236</ele></trkpt>
<trkpt lat="-35.6918" lon="148.19016"><ele>1238</ele></trkpt>
<trkpt lat="-35.69141" lon="148.18936"><ele>1246</ele></trkpt>
<trkpt lat="-35.6909" lon="148.18806"><ele>1257</ele></trkpt>
<trkpt lat="-35.69088" lon="148.18777"><ele>1256</ele></trkpt>
<trkpt lat="-35.69153" lon="148.18735"><ele>1253</ele></trkpt>
<trkpt lat="-35.69222" lon="148.18706"><ele>1249</ele></trkpt>
<trkpt lat="-35.69245" lon="148.18677"><ele>1250</ele></trkpt>
<trkpt lat="-35.69295" lon="148.18508"><ele>1243</ele></trkpt>
<trkpt lat="-35.69366" lon="148.1842"><ele>1230</ele></trkpt>
<trkpt lat="-35.69553" lon="148.18337"><ele>1221</ele></trkpt>
<trkpt lat="-35.69667" lon="148.18221"><ele>1217</ele></trkpt>
<trkpt lat="-35.69712" lon="148.1808"><ele>1212</ele></trkpt>
<trkpt lat="-35.69709" lon="148.18051"><ele>1213</ele></trkpt>
<trkpt lat="-35.69745" lon="148.1785"><ele>1218</ele></trkpt>
<trkpt lat="-35.69729" lon="148.17835"><ele>1218</ele></trkpt>
<trkpt lat="-35.69732" lon="148.1782"><ele>1218</ele></trkpt>
<trkpt lat="-35.69751" lon="148.178"><ele>1218</ele></trkpt>
<trkpt lat="-35.69851" lon="148.17772"><ele>1211</ele></trkpt>
<trkpt lat="-35.69888" lon="148.17707"><ele>1207</ele></trkpt>
<trkpt lat="-35.69906" lon="148.17569"><ele>1211</ele></trkpt>
<trkpt lat="-35.69942" lon="148.17461"><ele>1214</ele></trkpt>
<trkpt lat="-35.69954" lon="148.17337"><ele>1213</ele></trkpt>
<trkpt lat="-35.69969" lon="148.17283"><ele>1213</ele></trkpt>
<trkpt lat="-35.70021" lon="148.17176"><ele>1213</ele></trkpt>
<trkpt lat="-35.70084" lon="148.17006"><ele>1210</ele></trkpt>
<trkpt lat="-35.70133" lon="148.1696"><ele>1211</ele></trkpt>
<trkpt lat="-35.70191" lon="148.16928"><ele>1212</ele></trkpt>
<trkpt lat="-35.70263" lon="148.16917"><ele>1210</ele></trkpt>
<trkpt lat="-35.70338" lon="148.16927"><ele>1209</ele></trkpt>
<trkpt lat="-35.7039" lon="148.16919"><ele>1211</ele></trkpt>
<trkpt lat="-35.70497" lon="148.1688"><ele>1209</ele></trkpt>
<trkpt lat="-35.70649" lon="148.16904"><ele>1207</ele></trkpt>
<trkpt lat="-35.70754" lon="148.1695"><ele>1202</ele></trkpt>
<trkpt lat="-35.7107" lon="148.16881"><ele>1190</ele></trkpt>
<trkpt lat="-35.71147" lon="148.16851"><ele>1175</ele></trkpt>
<trkpt lat="-35.71187" lon="148.16867"><ele>1170</ele></trkpt>
<trkpt lat="-35.7121" lon="148.16896"><ele>1170</ele></trkpt>
<trkpt lat="-35.71281" lon="148.16916"><ele>1170</ele></trkpt>
<trkpt lat="-35.71434" lon="148.16922"><ele>1171</ele></trkpt>
<trkpt lat="-35.7146" lon="148.16908"><ele>1171</ele></trkpt>
<trkpt lat="-35.71512" lon="148.16895"><ele>1172</ele></trkpt>
<trkpt lat="-35.71607" lon="148.16861"><ele>1169</ele></trkpt>
<trkpt lat="-35.71652" lon="148.16896"><ele>1173</ele></trkpt>
<trkpt lat="-35.71684" lon="148.16932"><ele>1174</ele></trkpt>
<trkpt lat="-35.71702" lon="148.16965"><ele>1175</ele></trkpt>
<trkpt lat="-35.71724" lon="148.16964"><ele>1172</ele></trkpt>
<trkpt lat="-35.71742" lon="148.16906"><ele>1167</ele></trkpt>
<trkpt lat="-35.71735" lon="148.16851"><ele>1169</ele></trkpt>
<trkpt lat="-35.71715" lon="148.16824"><ele>1169</ele></trkpt>
<trkpt lat="-35.71676" lon="148.16799"><ele>1169</ele></trkpt>
<trkpt lat="-35.71631" lon="148.16745"><ele>1169</ele></trkpt>
<trkpt lat="-35.71632" lon="148.16715"><ele>1171</ele></trkpt>
<trkpt lat="-35.71627" lon="148.16696"><ele>1172</ele></trkpt>
<trkpt lat="-35.71648" lon="148.16681"><ele>1172</ele></trkpt>
<trkpt lat="-35.71679" lon="148.16629"><ele>1173</ele></trkpt>
<trkpt lat="-35.71701" lon="148.1661"><ele>1172</ele></trkpt>
<trkpt lat="-35.71756" lon="148.16579"><ele>1167</ele></trkpt>
<trkpt lat="-35.71789" lon="148.16574"><ele>1168</ele></trkpt>
<trkpt lat="-35.71841" lon="148.16539"><ele>1170</ele></trkpt>
<trkpt lat="-35.71866" lon="148.16556"><ele>1169</ele></trkpt>
<trkpt lat="-35.71892" lon="148.16556"><ele>1169</ele></trkpt>
<trkpt lat="-35.71911" lon="148.16537"><ele>1168</ele></trkpt>
<trkpt lat="-35.72011" lon="148.16502"><ele>1163</ele></trkpt>
<trkpt lat="-35.72027" lon="148.16508"><ele>1164</ele></trkpt>
<trkpt lat="-35.72068" lon="148.16503"><ele>1163</ele></trkpt>
<trkpt lat="-35.72109" lon="148.16528"><ele>1165</ele></trkpt>
<trkpt lat="-35.72117" lon="148.1652"><ele>1164</ele></trkpt>
<trkpt lat="-35.72193" lon="148.16503"><ele>1164</ele></trkpt>
<trkpt lat="-35.72248" lon="148.16507"><ele>1165</ele></trkpt>
<trkpt lat="-35.7232" lon="148.16471"><ele>1166</ele></trkpt>
<trkpt lat="-35.72362" lon="148.16465"><ele>1167</ele></trkpt>
<trkpt lat="-35.7242" lon="148.16428"><ele>1175</ele></trkpt>
<trkpt lat="-35.72467" lon="148.16433"><ele>1171</ele></trkpt>
<trkpt lat="-35.72509" lon="148.1642"><ele>1169</ele></trkpt>
<trkpt lat="-35.72526" lon="148.16384"><ele>1169</ele></trkpt>
<trkpt lat="-35.72529" lon="148.16347"><ele>1171</ele></trkpt>
<trkpt lat="-35.72507" lon="148.16259"><ele>1174</ele></trkpt>
<trkpt lat="-35.72523" lon="148.16257"><ele>1174</ele></trkpt>
<trkpt lat="-35.72553" lon="148.16263"><ele>1175</ele></trkpt>
<trkpt lat="-35.72604" lon="148.16299"><ele>1172</ele></trkpt>
<trkpt lat="-35.7265" lon="148.16314"><ele>1170</ele></trkpt>
<trkpt lat="-35.727" lon="148.16252"><ele>1169</ele></trkpt>
<trkpt lat="-35.72698" lon="148.16197"><ele>1172</ele></trkpt>
<trkpt lat="-35.72722" lon="148.16186"><ele>1173</ele></trkpt>
<trkpt lat="-35.72748" lon="148.16164"><ele>1176</ele></trkpt>
<trkpt lat="-35.72761" lon="148.16184"><ele>1175</ele></trkpt>
<trkpt lat="-35.72832" lon="148.16262"><ele>1176</ele></trkpt>
<trkpt lat="-35.72913" lon="148.16298"><ele>1175</ele></trkpt>
<trkpt lat="-35.72961" lon="148.16301"><ele>1173</ele></trkpt>
<trkpt lat="-35.73035" lon="148.16316"><ele>1167</ele></trkpt>
<trkpt lat="-35.73064" lon="148.16357"><ele>1166</ele></trkpt>
<trkpt lat="-35.73116" lon="148.16382"><ele>1165</ele></trkpt>
<trkpt lat="-35.73151" lon="148.16413"><ele>1166</ele></trkpt>
<trkpt lat="-35.7323" lon="148.16461"><ele>1163</ele></trkpt>
<trkpt lat="-35.73297" lon="148.16516"><ele>1153</ele></trkpt>
<trkpt lat="-35.73336" lon="148.16522"><ele>1152</ele></trkpt>
<trkpt lat="-35.73383" lon="148.165"><ele>1156</ele></trkpt>
<trkpt lat="-35.73526" lon="148.16512"><ele>1157</ele></trkpt>
<trkpt lat="-35.73564" lon="148.16478"><ele>1159</ele></trkpt>
<trkpt lat="-35.73606" lon="148.16409"><ele>1165</ele></trkpt>
<trkpt lat="-35.7365" lon="148.16363"><ele>1168</ele></trkpt>
<trkpt lat="-35.73737" lon="148.16407"><ele>1157</ele></trkpt>
<trkpt lat="-35.73764" lon="148.16382"><ele>1164</ele></trkpt>
<trkpt lat="-35.73812" lon="148.16368"><ele>1168</ele></trkpt>
<trkpt lat="-35.73841" lon="148.16396"><ele>1164</ele></trkpt>
<trkpt lat="-35.73847" lon="148.16428"><ele>1161</ele></trkpt>
<trkpt lat="-35.73905" lon="148.16528"><ele>1160</ele></trkpt>
<trkpt lat="-35.73943" lon="148.16576"><ele>1155</ele></trkpt>
<trkpt lat="-35.73984" lon="148.16601"><ele>1153</ele></trkpt>
<trkpt lat="-35.74026" lon="148.16606"><ele>1152</ele></trkpt>
<trkpt lat="-35.74081" lon="148.16572"><ele>1157</ele></trkpt>
<trkpt lat="-35.74114" lon="148.16556"><ele>1158</ele></trkpt>
<trkpt lat="-35.7415" lon="148.16557"><ele>1156</ele></trkpt>
<trkpt lat="-35.74168" lon="148.16546"><ele>1158</ele></trkpt>
<trkpt lat="-35.74227" lon="148.16534"><ele>1158</ele></trkpt>
<trkpt lat="-35.74254" lon="148.16518"><ele>1160</ele></trkpt>
<trkpt lat="-35.74306" lon="148.16404"><ele>1164</ele></trkpt>
<trkpt lat="-35.74341" lon="148.16351"><ele>1167</ele></trkpt>
<trkpt lat="-35.7439" lon="148.16332"><ele>1159</ele></trkpt>
<trkpt lat="-35.74433" lon="148.16291"><ele>1156</ele></trkpt>
<trkpt lat="-35.74469" lon="148.16226"><ele>1156</ele></trkpt>
<trkpt lat="-35.7452" lon="148.16152"><ele>1154</ele></trkpt>
<trkpt lat="-35.74544" lon="148.16127"><ele>1154</ele></trkpt>
<trkpt lat="-35.7455" lon="148.16101"><ele>1156</ele></trkpt>
<trkpt lat="-35.74565" lon="148.16084"><ele>1157</ele></trkpt>
<trkpt lat="-35.74616" lon="148.1609"><ele>1159</ele></trkpt>
<trkpt lat="-35.74621" lon="148.1612"><ele>1156</ele></trkpt>
<trkpt lat="-35.7469" lon="148.16211"><ele>1156</ele></trkpt>
<trkpt lat="-35.74721" lon="148.16228"><ele>1157</ele></trkpt>
<trkpt lat="-35.74755" lon="148.16236"><ele>1161</ele></trkpt>
<trkpt lat="-35.74774" lon="148.16279"><ele>1159</ele></trkpt>
<trkpt lat="-35.74808" lon="148.16319"><ele>1159</ele></trkpt>
<trkpt lat="-35.74826" lon="148.16355"><ele>1157</ele></trkpt>
<trkpt lat="-35.74884" lon="148.16412"><ele>1154</ele></trkpt>
<trkpt lat="-35.74927" lon="148.16428"><ele>1155</ele></trkpt>
<trkpt lat="-35.7496" lon="148.1642"><ele>1157</ele></trkpt>
<trkpt lat="-35.75016" lon="148.16431"><ele>1157</ele></trkpt>
<trkpt lat="-35.75139" lon="148.16496"><ele>1152</ele></trkpt>
<trkpt lat="-35.75225" lon="148.16516"><ele>1158</ele></trkpt>
<trkpt lat="-35.75283" lon="148.16559"><ele>1156</ele></trkpt>
<trkpt lat="-35.75347" lon="148.16545"><ele>1160</ele></trkpt>
<trkpt lat="-35.75398" lon="148.16541"><ele>1159</ele></trkpt>
<trkpt lat="-35.75472" lon="148.16457"><ele>1157</ele></trkpt>
<trkpt lat="-35.75481" lon="148.16384"><ele>1155</ele></trkpt>
<trkpt lat="-35.75485" lon="148.16289"><ele>1152</ele></trkpt>
<trkpt lat="-35.75462" lon="148.16252"><ele>1157</ele></trkpt>
<trkpt lat="-35.75414" lon="148.16146"><ele>1158</ele></trkpt>
<trkpt lat="-35.75348" lon="148.16096"><ele>1166</ele></trkpt>
<trkpt lat="-35.75344" lon="148.16039"><ele>1166</ele></trkpt>
<trkpt lat="-35.75359" lon="148.1599"><ele>1165</ele></trkpt>
<trkpt lat="-35.75534" lon="148.15945"><ele>1154</ele></trkpt>
<trkpt lat="-35.75589" lon="148.15902"><ele>1151</ele></trkpt>
<trkpt lat="-35.75604" lon="148.15846"><ele>1153</ele></trkpt>
<trkpt lat="-35.75607" lon="148.15781"><ele>1153</ele></trkpt>
<trkpt lat="-35.75592" lon="148.15717"><ele>1152</ele></trkpt>
<trkpt lat="-35.75506" lon="148.15597"><ele>1147</ele></trkpt>
<trkpt lat="-35.75374" lon="148.15512"><ele>1147</ele></trkpt>
<trkpt lat="-35.75333" lon="148.15456"><ele>1142</ele></trkpt>
<trkpt lat="-35.75299" lon="148.15388"><ele>1140</ele></trkpt>
<trkpt lat="-35.75263" lon="148.15293"><ele>1142</ele></trkpt>
<trkpt lat="-35.75218" lon="148.15201"><ele>1142</ele></trkpt>
<trkpt lat="-35.75237" lon="148.15176"><ele>1141</ele></trkpt>
<trkpt lat="-35.75277" lon="148.15159"><ele>1139</ele></trkpt>
<trkpt lat="-35.75357" lon="148.15115"><ele>1139</ele></trkpt>
<trkpt lat="-35.75423" lon="148.15098"><ele>1138</ele></trkpt>
<trkpt lat="-35.75476" lon="148.15076"><ele>1141</ele></trkpt>
<trkpt lat="-35.75507" lon="148.15085"><ele>1141</ele></trkpt>
<trkpt lat="-35.75567" lon="148.1506"><ele>1141</ele></trkpt>
<trkpt lat="-35.75596" lon="148.15025"><ele>1143</ele></trkpt>
<trkpt lat="-35.7564" lon="148.14957"><ele>1143</ele></trkpt>
<trkpt lat="-35.75644" lon="148.14917"><ele>1143</ele></trkpt>
<trkpt lat="-35.75635" lon="148.14861"><ele>1142</ele></trkpt>
<trkpt lat="-35.75601" lon="148.14799"><ele>1142</ele></trkpt>
<trkpt lat="-35.75572" lon="148.14763"><ele>1139</ele></trkpt>
<trkpt lat="-35.75541" lon="148.1475"><ele>1138</ele></trkpt>
<trkpt lat="-35.75502" lon="148.14743"><ele>1138</ele></trkpt>
<trkpt lat="-35.75451" lon="148.14755"><ele>1137</ele></trkpt>
<trkpt lat="-35.75389" lon="148.14784"><ele>1140</ele></trkpt>
<trkpt lat="-35.75311" lon="148.14781"><ele>1143</ele></trkpt>
<trkpt lat="-35.75184" lon="148.14754"><ele>1137</ele></trkpt>
<trkpt lat="-35.75129" lon="148.14763"><ele>1139</ele></trkpt>
<trkpt lat="-35.75088" lon="148.14758"><ele>1140</ele></trkpt>
<trkpt lat="-35.74968" lon="148.14685"><ele>1140</ele></trkpt>
<trkpt lat="-35.74877" lon="148.1466"><ele>1143</ele></trkpt>
<trkpt lat="-35.74818" lon="148.14649"><ele>1142</ele></trkpt>
<trkpt lat="-35.74758" lon="148.14627"><ele>1138</ele></trkpt>
<trkpt lat="-35.74661" lon="148.14629"><ele>1136</ele></trkpt>
<trkpt lat="-35.74529" lon="148.14671"><ele>1139</ele></trkpt>
<trkpt lat="-35.74502" lon="148.14703"><ele>1137</ele></trkpt>
<trkpt lat="-35.74473" lon="148.14717"><ele>1134</ele></trkpt>
<trkpt lat="-35.74378" lon="148.14741"><ele>1123</ele></trkpt>
<trkpt lat="-35.74346" lon="148.14742"><ele>1119</ele></trkpt>
<trkpt lat="-35.74291" lon="148.14772"><ele>1116</ele></trkpt>
<trkpt lat="-35.74243" lon="148.14785"><ele>1113</ele></trkpt>
<trkpt lat="-35.74177" lon="148.14763"><ele>1104</ele></trkpt>
<trkpt lat="-35.74128" lon="148.14809"><ele>1106</ele></trkpt>
<trkpt lat="-35.74059" lon="148.14848"><ele>1104</ele></trkpt>
<trkpt lat="-35.74016" lon="148.1486"><ele>1104</ele></trkpt>
<trkpt lat="-35.73971" lon="148.14837"><ele>1104</ele></trkpt>
<trkpt lat="-35.73844" lon="148.14791"><ele>1102</ele></trkpt>
<trkpt lat="-35.73789" lon="148.14784"><ele>1098</ele></trkpt>
<trkpt lat="-35.7367" lon="148.14839"><ele>1097</ele></trkpt>
<trkpt lat="-35.73629" lon="148.14845"><ele>1104</ele></trkpt>
<trkpt lat="-35.73586" lon="148.14845"><ele>1111</ele></trkpt>
<trkpt lat="-35.73564" lon="148.14831"><ele>1112</ele></trkpt>
<trkpt lat="-35.73551" lon="148.14664"><ele>1081</ele></trkpt>
<trkpt lat="-35.73517" lon="148.14648"><ele>1093</ele></trkpt>
<trkpt lat="-35.7348" lon="148.14649"><ele>1106</ele></trkpt>
<trkpt lat="-35.73458" lon="148.14641"><ele>1111</ele></trkpt>
<trkpt lat="-35.73452" lon="148.14631"><ele>1111</ele></trkpt>
<trkpt lat="-35.73461" lon="148.14602"><ele>1103</ele></trkpt>
<trkpt lat="-35.73486" lon="148.14556"><ele>1094</ele></trkpt>
<trkpt lat="-35.7352" lon="148.1452"><ele>1085</ele></trkpt>
<trkpt lat="-35.73592" lon="148.14406"><ele>1085</ele></trkpt>
<trkpt lat="-35.73616" lon="148.14288"><ele>1083</ele></trkpt>
<trkpt lat="-35.736" lon="148.14262"><ele>1086</ele></trkpt>
<trkpt lat="-35.73575" lon="148.14238"><ele>1087</ele></trkpt>
<trkpt lat="-35.73521" lon="148.14225"><ele>1093</ele></trkpt>
<trkpt lat="-35.73504" lon="148.14216"><ele>1095</ele></trkpt>
<trkpt lat="-35.73477" lon="148.14218"><ele>1101</ele></trkpt>
<trkpt lat="-35.73448" lon="148.14204"><ele>1104</ele></trkpt>
<trkpt lat="-35.73428" lon="148.14185"><ele>1103</ele></trkpt>
<trkpt lat="-35.73422" lon="148.14153"><ele>1101</ele></trkpt>
<trkpt lat="-35.73431" lon="148.14121"><ele>1102</ele></trkpt>
<trkpt lat="-35.73488" lon="148.14072"><ele>1089</ele></trkpt>
<trkpt lat="-35.73494" lon="148.14044"><ele>1094</ele></trkpt>
<trkpt lat="-35.73495" lon="148.13988"><ele>1106</ele></trkpt>
<trkpt lat="-35.73577" lon="148.13992"><ele>1089</ele></trkpt>
<trkpt lat="-35.73599" lon="148.13978"><ele>1090</ele></trkpt>
<trkpt lat="-35.73692" lon="148.13941"><ele>1089</ele></trkpt>
<trkpt lat="-35.73742" lon="148.1393"><ele>1084</ele></trkpt>
<trkpt lat="-35.73813" lon="148.13906"><ele>1075</ele></trkpt>
<trkpt lat="-35.73833" lon="148.13875"><ele>1072</ele></trkpt>
<trkpt lat="-35.73832" lon="148.13836"><ele>1074</ele></trkpt>
<trkpt lat="-35.7382" lon="148.13807"><ele>1073</ele></trkpt>
<trkpt lat="-35.73803" lon="148.13788"><ele>1076</ele></trkpt>
<trkpt lat="-35.73796" lon="148.13768"><ele>1075</ele></trkpt>
<trkpt lat="-35.73739" lon="148.13713"><ele>1082</ele></trkpt>
<trkpt lat="-35.73715" lon="148.13512"><ele>1076</ele></trkpt>
<trkpt lat="-35.73702" lon="148.13451"><ele>1082</ele></trkpt>
<trkpt lat="-35.73706" lon="148.13329"><ele>1078</ele></trkpt>
<trkpt lat="-35.73681" lon="148.13258"><ele>1079</ele></trkpt>
<trkpt lat="-35.73682" lon="148.13206"><ele>1076</ele></trkpt>
<trkpt lat="-35.73667" lon="148.13169"><ele>1081</ele></trkpt>
<trkpt lat="-35.73665" lon="148.13127"><ele>1087</ele></trkpt>
<trkpt lat="-35.73698" lon="148.13098"><ele>1081</ele></trkpt>
<trkpt lat="-35.73724" lon="148.13015"><ele>1086</ele></trkpt>
<trkpt lat="-35.73742" lon="148.1302"><ele>1080</ele></trkpt>
<trkpt lat="-35.73893" lon="148.13019"><ele>1068</ele></trkpt>
<trkpt lat="-35.73923" lon="148.13001"><ele>1070</ele></trkpt>
<trkpt lat="-35.73971" lon="148.12981"><ele>1068</ele></trkpt>
<trkpt lat="-35.74" lon="148.12983"><ele>1063</ele></trkpt>
<trkpt lat="-35.74012" lon="148.1296"><ele>1067</ele></trkpt>
<trkpt lat="-35.74042" lon="148.12939"><ele>1069</ele></trkpt>
<trkpt lat="-35.74099" lon="148.12924"><ele>1064</ele></trkpt>
<trkpt lat="-35.74124" lon="148.12897"><ele>1066</ele></trkpt>
<trkpt lat="-35.74151" lon="148.12878"><ele>1064</ele></trkpt>
<trkpt lat="-35.74169" lon="148.12843"><ele>1067</ele></trkpt>
<trkpt lat="-35.74213" lon="148.12783"><ele>1068</ele></trkpt>
<trkpt lat="-35.74283" lon="148.12607"><ele>1063</ele></trkpt>
<trkpt lat="-35.74303" lon="148.12542"><ele>1060</ele></trkpt>
<trkpt lat="-35.74305" lon="148.12488"><ele>1062</ele></trkpt>
<trkpt lat="-35.7427" lon="148.12433"><ele>1072</ele></trkpt>
<trkpt lat="-35.74269" lon="148.1241"><ele>1072</ele></trkpt>
<trkpt lat="-35.74301" lon="148.12308"><ele>1060</ele></trkpt>
<trkpt lat="-35.74327" lon="148.12148"><ele>1059</ele></trkpt>
<trkpt lat="-35.74316" lon="148.12082"><ele>1054</ele></trkpt>
<trkpt lat="-35.74345" lon="148.11982"><ele>1049</ele></trkpt>
<trkpt lat="-35.74399" lon="148.11924"><ele>1042</ele></trkpt>
<trkpt lat="-35.74489" lon="148.1185"><ele>1029</ele></trkpt>
<trkpt lat="-35.74488" lon="148.11809"><ele>1032</ele></trkpt>
<trkpt lat="-35.74508" lon="148.11748"><ele>1030</ele></trkpt>
<trkpt lat="-35.74554" lon="148.11655"><ele>1026</ele></trkpt>
<trkpt lat="-35.74586" lon="148.11617"><ele>1022</ele></trkpt>
<trkpt lat="-35.74615" lon="148.11604"><ele>1018</ele></trkpt>
<trkpt lat="-35.74638" lon="148.11554"><ele>1019</ele></trkpt>
<trkpt lat="-35.74676" lon="148.1152"><ele>1016</ele></trkpt>
<trkpt lat="-35.74747" lon="148.11488"><ele>1014</ele></trkpt>
<trkpt lat="-35.74901" lon="148.11477"><ele>995</ele></trkpt>
<trkpt lat="-35.7497" lon="148.11463"><ele>992</ele></trkpt>
<trkpt lat="-35.75006" lon="148.11473"><ele>988</ele></trkpt>
<trkpt lat="-35.75162" lon="148.11471"><ele>975</ele></trkpt>
<trkpt lat="-35.75234" lon="148.1137"><ele>963</ele></trkpt>
<trkpt lat="-35.75241" lon="148.11279"><ele>965</ele></trkpt>
<trkpt lat="-35.75353" lon="148.11161"><ele>956</ele></trkpt>
<trkpt lat="-35.75565" lon="148.11149"><ele>940</ele></trkpt>
<trkpt lat="-35.75606" lon="148.11188"><ele>932</ele></trkpt>
<trkpt lat="-35.7569" lon="148.11154"><ele>928</ele></trkpt>
<trkpt lat="-35.75768" lon="148.11158"><ele>922</ele></trkpt>
<trkpt lat="-35.75862" lon="148.11103"><ele>920</ele></trkpt>
<trkpt lat="-35.7592" lon="148.11089"><ele>917</ele></trkpt>
<trkpt lat="-35.75953" lon="148.11039"><ele>915</ele></trkpt>
<trkpt lat="-35.75958" lon="148.10952"><ele>909</ele></trkpt>
<trkpt lat="-35.75998" lon="148.10879"><ele>897</ele></trkpt>
<trkpt lat="-35.76009" lon="148.10821"><ele>889</ele></trkpt>
<trkpt lat="-35.75997" lon="148.10768"><ele>882</ele></trkpt>
<trkpt lat="-35.75968" lon="148.10724"><ele>875</ele></trkpt>
<trkpt lat="-35.7586" lon="148.10681"><ele>861</ele></trkpt>
<trkpt lat="-35.75813" lon="148.10639"><ele>851</ele></trkpt>
<trkpt lat="-35.75771" lon="148.1056"><ele>839</ele></trkpt>
<trkpt lat="-35.75764" lon="148.10459"><ele>824</ele></trkpt>
<trkpt lat="-35.75749" lon="148.10395"><ele>819</ele></trkpt>
<trkpt lat="-35.75775" lon="148.1033"><ele>814</ele></trkpt>
<trkpt lat="-35.7582" lon="148.10301"><ele>807</ele></trkpt>
<trkpt lat="-35.7585" lon="148.10245"><ele>796</ele></trkpt>
<trkpt lat="-35.75902" lon="148.10199"><ele>787</ele></trkpt>
<trkpt lat="-35.75942" lon="148.10153"><ele>782</ele></trkpt>
<trkpt lat="-35.75964" lon="148.1011"><ele>780</ele></trkpt>
<trkpt lat="-35.76075" lon="148.10056"><ele>780</ele></trkpt>
<trkpt lat="-35.76151" lon="148.10037"><ele>778</ele></trkpt>
<trkpt lat="-35.76172" lon="148.10021"><ele>778</ele></trkpt>
<trkpt lat="-35.76199" lon="148.09965"><ele>775</ele></trkpt>
<trkpt lat="-35.76267" lon="148.10031"><ele>774</ele></trkpt>
<trkpt lat="-35.76299" lon="148.10032"><ele>772</ele></trkpt>
<trkpt lat="-35.76325" lon="148.10025"><ele>771</ele></trkpt>
<trkpt lat="-35.76349" lon="148.10039"><ele>770</ele></trkpt>
<trkpt lat="-35.76425" lon="148.10064"><ele>766</ele></trkpt>
<trkpt lat="-35.7648" lon="148.10091"><ele>766</ele></trkpt>
<trkpt lat="-35.76516" lon="148.101"><ele>766</ele></trkpt>
<trkpt lat="-35.76547" lon="148.10085"><ele>761</ele></trkpt>
<trkpt lat="-35.76622" lon="148.10076"><ele>755</ele></trkpt>
<trkpt lat="-35.76672" lon="148.10064"><ele>752</ele></trkpt>
<trkpt lat="-35.76714" lon="148.10063"><ele>750</ele></trkpt>
<trkpt lat="-35.7677" lon="148.10079"><ele>750</ele></trkpt>
<trkpt lat="-35.76822" lon="148.101"><ele>748</ele></trkpt>
<trkpt lat="-35.76896" lon="148.10155"><ele>754</ele></trkpt>
<trkpt lat="-35.76958" lon="148.10136"><ele>750</ele></trkpt>
<trkpt lat="-35.77109" lon="148.10136"><ele>745</ele></trkpt>
<trkpt lat="-35.7723" lon="148.10087"><ele>741</ele></trkpt>
<trkpt lat="-35.77287" lon="148.10027"><ele>734</ele></trkpt>
<trkpt lat="-35.7734" lon="148.09991"><ele>726</ele></trkpt>
<trkpt lat="-35.77355" lon="148.0997"><ele>724</ele></trkpt>
<trkpt lat="-35.77519" lon="148.09938"><ele>725</ele></trkpt>
<trkpt lat="-35.77568" lon="148.09914"><ele>725</ele></trkpt>
<trkpt lat="-35.77625" lon="148.09908"><ele>722</ele></trkpt>
<trkpt lat="-35.77679" lon="148.09895"><ele>716</ele></trkpt>
<trkpt lat="-35.77744" lon="148.09902"><ele>710</ele></trkpt>
<trkpt lat="-35.77865" lon="148.09895"><ele>709</ele></trkpt>
<trkpt lat="-35.77891" lon="148.09889"><ele>709</ele></trkpt>
<trkpt lat="-35.77984" lon="148.09856"><ele>712</ele></trkpt>
<trkpt lat="-35.7802" lon="148.09818"><ele>713</ele></trkpt>
<trkpt lat="-35.78053" lon="148.09815"><ele>713</ele></trkpt>
<trkpt lat="-35.78139" lon="148.09789"><ele>715</ele></trkpt>
<trkpt lat="-35.78327" lon="148.09693"><ele>724</ele></trkpt>
<trkpt lat="-35.7838" lon="148.09628"><ele>711</ele></trkpt>
<trkpt lat="-35.78451" lon="148.09491"><ele>696</ele></trkpt>
<trkpt lat="-35.78541" lon="148.09359"><ele>695</ele></trkpt>
<trkpt lat="-35.78607" lon="148.09292"><ele>695</ele></trkpt>
<trkpt lat="-35.78636" lon="148.09303"><ele>695</ele></trkpt>
<trkpt lat="-35.78683" lon="148.0928"><ele>693</ele></trkpt>
<trkpt lat="-35.78714" lon="148.09275"><ele>694</ele></trkpt>
<trkpt lat="-35.78807" lon="148.09236"><ele>686</ele></trkpt>
<trkpt lat="-35.78817" lon="148.09246"><ele>685</ele></trkpt>
<trkpt lat="-35.78825" lon="148.09267"><ele>683</ele></trkpt>
<trkpt lat="-35.78817" lon="148.09306"><ele>681</ele></trkpt>
<trkpt lat="-35.78795" lon="148.09348"><ele>679</ele></trkpt>
<trkpt lat="-35.78767" lon="148.09375"><ele>679</ele></trkpt>
<trkpt lat="-35.78753" lon="148.09397"><ele>677</ele></trkpt>
<trkpt lat="-35.7875" lon="148.09413"><ele>675</ele></trkpt>
<trkpt lat="-35.78758" lon="148.09421"><ele>673</ele></trkpt>
<trkpt lat="-35.78825" lon="148.09476"><ele>665</ele></trkpt>
<trkpt lat="-35.78855" lon="148.09465"><ele>664</ele></trkpt>
<trkpt lat="-35.78889" lon="148.09473"><ele>665</ele></trkpt>
<trkpt lat="-35.78946" lon="148.09451"><ele>666</ele></trkpt>
<trkpt lat="-35.78961" lon="148.09467"><ele>666</ele></trkpt>
<trkpt lat="-35.79007" lon="148.09464"><ele>667</ele></trkpt>
<trkpt lat="-35.7902" lon="148.0945"><ele>667</ele></trkpt>
<trkpt lat="-35.79041" lon="148.09449"><ele>667</ele></trkpt>
<trkpt lat="-35.79097" lon="148.09402"><ele>668</ele></trkpt>
<trkpt lat="-35.79179" lon="148.09276"><ele>665</ele></trkpt>
<trkpt lat="-35.79236" lon="148.09207"><ele>667</ele></trkpt>
<trkpt lat="-35.79294" lon="148.09163"><ele>668</ele></trkpt>
<trkpt lat="-35.79372" lon="148.09136"><ele>666</ele></trkpt>
<trkpt lat="-35.79401" lon="148.09117"><ele>666</ele></trkpt>
<trkpt lat="-35.79435" lon="148.09108"><ele>665</ele></trkpt>
<trkpt lat="-35.7947" lon="148.09088"><ele>662</ele></trkpt>
<trkpt lat="-35.79493" lon="148.0906"><ele>662</ele></trkpt>
<trkpt lat="-35.79515" lon="148.08971"><ele>667</ele></trkpt>
<trkpt lat="-35.7955" lon="148.0894"><ele>666</ele></trkpt>
<trkpt lat="-35.79585" lon="148.08948"><ele>659</ele></trkpt>
<trkpt lat="-35.79642" lon="148.08934"><ele>655</ele></trkpt>
<trkpt lat="-35.79683" lon="148.08903"><ele>655</ele></trkpt>
<trkpt lat="-35.7975" lon="148.08811"><ele>656</ele></trkpt>
<trkpt lat="-35.79782" lon="148.08782"><ele>654</ele></trkpt>
<trkpt lat="-35.79806" lon="148.08751"><ele>654</ele></trkpt>
<trkpt lat="-35.79819" lon="148.0872"><ele>655</ele></trkpt>
<trkpt lat="-35.79809" lon="148.0868"><ele>658</ele></trkpt>
<trkpt lat="-35.79814" lon="148.08629"><ele>662</ele></trkpt>
<trkpt lat="-35.79839" lon="148.08576"><ele>663</ele></trkpt>
<trkpt lat="-35.79841" lon="148.08542"><ele>663</ele></trkpt>
<trkpt lat="-35.79822" lon="148.08459"><ele>662</ele></trkpt>
<trkpt lat="-35.79827" lon="148.08404"><ele>661</ele></trkpt>
<trkpt lat="-35.79837" lon="148.08381"><ele>664</ele></trkpt>
<trkpt lat="-35.79859" lon="148.08373"><ele>663</ele></trkpt>
<trkpt lat="-35.799" lon="148.08379"><ele>660</ele></trkpt>
<trkpt lat="-35.7994" lon="148.0837"><ele>660</ele></trkpt>
<trkpt lat="-35.79971" lon="148.08347"><ele>660</ele></trkpt>
<trkpt lat="-35.79999" lon="148.08277"><ele>659</ele></trkpt>
<trkpt lat="-35.79989" lon="148.08254"><ele>660</ele></trkpt>
<trkpt lat="-35.8" lon="148.08235"><ele>660</ele></trkpt>
<trkpt lat="-35.80012" lon="148.08238"><ele>659</ele></trkpt>
<trkpt lat="-35.8002" lon="148.08232"><ele>659</ele></trkpt>
<trkpt lat="-35.80066" lon="148.08223"><ele>657</ele></trkpt>
<trkpt lat="-35.80135" lon="148.08231"><ele>657</ele></trkpt>
<trkpt lat="-35.80217" lon="148.08163"><ele>651</ele></trkpt>
<trkpt lat="-35.80227" lon="148.08137"><ele>651</ele></trkpt>
<trkpt lat="-35.8026" lon="148.08107"><ele>650</ele></trkpt>
<trkpt lat="-35.80266" lon="148.08091"><ele>650</ele></trkpt>
<trkpt lat="-35.80297" lon="148.0805"><ele>650</ele></trkpt>
<trkpt lat="-35.80355" lon="148.08002"><ele>652</ele></trkpt>
<trkpt lat="-35.80448" lon="148.07982"><ele>647</ele></trkpt>
<trkpt lat="-35.80488" lon="148.0798"><ele>643</ele></trkpt>
<trkpt lat="-35.80519" lon="148.07994"><ele>641</ele></trkpt>
<trkpt lat="-35.80578" lon="148.08006"><ele>639</ele></trkpt>
<trkpt lat="-35.80624" lon="148.07969"><ele>639</ele></trkpt>
<trkpt lat="-35.80653" lon="148.07958"><ele>638</ele></trkpt>
<trkpt lat="-35.80676" lon="148.07956"><ele>636</ele></trkpt>
<trkpt lat="-35.80681" lon="148.07946"><ele>636</ele></trkpt>
<trkpt lat="-35.80668" lon="148.0789"><ele>638</ele></trkpt>
<trkpt lat="-35.80668" lon="148.07857"><ele>640</ele></trkpt>
<trkpt lat="-35.80702" lon="148.07804"><ele>639</ele></trkpt>
<trkpt lat="-35.80732" lon="148.07772"><ele>637</ele></trkpt>
<trkpt lat="-35.8074" lon="148.07769"><ele>637</ele></trkpt>
<trkpt lat="-35.80762" lon="148.07779"><ele>635</ele></trkpt>
<trkpt lat="-35.80777" lon="148.07772"><ele>635</ele></trkpt>
<trkpt lat="-35.80804" lon="148.07732"><ele>635</ele></trkpt>
<trkpt lat="-35.80809" lon="148.07704"><ele>635</ele></trkpt>
<trkpt lat="-35.80789" lon="148.07672"><ele>636</ele></trkpt>
<trkpt lat="-35.8079" lon="148.0766"><ele>636</ele></trkpt>
<trkpt lat="-35.80804" lon="148.07641"><ele>636</ele></trkpt>
<trkpt lat="-35.80822" lon="148.0763"><ele>635</ele></trkpt>
<trkpt lat="-35.80855" lon="148.0763"><ele>634</ele></trkpt>
<trkpt lat="-35.80878" lon="148.07641"><ele>634</ele></trkpt>
<trkpt lat="-35.80897" lon="148.07617"><ele>634</ele></trkpt>
<trkpt lat="-35.80934" lon="148.07608"><ele>633</ele></trkpt>
<trkpt lat="-35.8094" lon="148.07601"><ele>633</ele></trkpt>
<trkpt lat="-35.80942" lon="148.07558"><ele>634</ele></trkpt>
<trkpt lat="-35.80949" lon="148.0754"><ele>634</ele></trkpt>
<trkpt lat="-35.80945" lon="148.07528"><ele>635</ele></trkpt>
<trkpt lat="-35.80957" lon="148.07496"><ele>634</ele></trkpt>
<trkpt lat="-35.80996" lon="148.0748"><ele>632</ele></trkpt>
<trkpt lat="-35.81023" lon="148.07479"><ele>631</ele></trkpt>
<trkpt lat="-35.81035" lon="148.07472"><ele>631</ele></trkpt>
<trkpt lat="-35.81057" lon="148.07429"><ele>633</ele></trkpt>
<trkpt lat="-35.8106" lon="148.07385"><ele>636</ele></trkpt>
<trkpt lat="-35.81155" lon="148.07331"><ele>634</ele></trkpt>
<trkpt lat="-35.81166" lon="148.07308"><ele>633</ele></trkpt>
<trkpt lat="-35.81159" lon="148.07274"><ele>633</ele></trkpt>
<trkpt lat="-35.81172" lon="148.07266"><ele>632</ele></trkpt>
<trkpt lat="-35.81196" lon="148.07264"><ele>631</ele></trkpt>
<trkpt lat="-35.81213" lon="148.07254"><ele>631</ele></trkpt>
<trkpt lat="-35.81223" lon="148.07233"><ele>631</ele></trkpt>
<trkpt lat="-35.81239" lon="148.0722"><ele>630</ele></trkpt>
<trkpt lat="-35.81259" lon="148.07171"><ele>630</ele></trkpt>
<trkpt lat="-35.81278" lon="148.07161"><ele>629</ele></trkpt>
<trkpt lat="-35.81317" lon="148.07168"><ele>627</ele></trkpt>
<trkpt lat="-35.81341" lon="148.07153"><ele>626</ele></trkpt>
<trkpt lat="-35.81364" lon="148.07154"><ele>627</ele></trkpt>
<trkpt lat="-35.81392" lon="148.07147"><ele>628</ele></trkpt>
<trkpt lat="-35.81421" lon="148.07125"><ele>629</ele></trkpt>
<trkpt lat="-35.81502" lon="148.07045"><ele>629</ele></trkpt>
<trkpt lat="-35.81543" lon="148.07015"><ele>629</ele></trkpt>
<trkpt lat="-35.81558" lon="148.0702"><ele>629</ele></trkpt>
<trkpt lat="-35.81572" lon="148.07019"><ele>630</ele></trkpt>
<trkpt lat="-35.81594" lon="148.07002"><ele>629</ele></trkpt>
<trkpt lat="-35.81612" lon="148.07003"><ele>629</ele></trkpt>
<trkpt lat="-35.81689" lon="148.06982"><ele>626</ele></trkpt>
<trkpt lat="-35.81709" lon="148.06983"><ele>626</ele></trkpt>
<trkpt lat="-35.81748" lon="148.06954"><ele>625</ele></trkpt>
<trkpt lat="-35.81791" lon="148.06976"><ele>626</ele></trkpt>
<trkpt lat="-35.81818" lon="148.06959"><ele>626</ele></trkpt>
<trkpt lat="-35.81852" lon="148.06908"><ele>624</ele></trkpt>
<trkpt lat="-35.8187" lon="148.0686"><ele>624</ele></trkpt>
<trkpt lat="-35.81883" lon="148.06754"><ele>626</ele></trkpt>
<trkpt lat="-35.81909" lon="148.06722"><ele>626</ele></trkpt>
<trkpt lat="-35.81896" lon="148.06679"><ele>626</ele></trkpt>
<trkpt lat="-35.81929" lon="148.06643"><ele>626</ele></trkpt>
<trkpt lat="-35.81949" lon="148.06634"><ele>626</ele></trkpt>
<trkpt lat="-35.8197" lon="148.06615"><ele>626</ele></trkpt>
<trkpt lat="-35.81995" lon="148.06583"><ele>625</ele></trkpt>
<trkpt lat="-35.82012" lon="148.06554"><ele>625</ele></trkpt>
<trkpt lat="-35.82015" lon="148.06526"><ele>625</ele></trkpt>
<trkpt lat="-35.82035" lon="148.06484"><ele>626</ele></trkpt>
<trkpt lat="-35.82058" lon="148.06465"><ele>627</ele></trkpt>
<trkpt lat="-35.82111" lon="148.06462"><ele>628</ele></trkpt>
<trkpt lat="-35.82123" lon="148.06453"><ele>628</ele></trkpt>
<trkpt lat="-35.82153" lon="148.06448"><ele>627</ele></trkpt>
<trkpt lat="-35.82203" lon="148.06398"><ele>625</ele></trkpt>
<trkpt lat="-35.82267" lon="148.06377"><ele>626</ele></trkpt>
<trkpt lat="-35.82332" lon="148.06309"><ele>627</ele></trkpt>
<trkpt lat="-35.82368" lon="148.06295"><ele>628</ele></trkpt>
<trkpt lat="-35.82404" lon="148.0627"><ele>627</ele></trkpt>
</trkseg></trk>
</gpx>
